date,channel,spend_gbp
2023-01-01,Paid Search,871.61
2023-01-01,Social,406.34
2023-01-01,Email,79.44
2023-01-01,Affiliate,195.48
2023-01-01,Display,217.21
2023-01-02,Paid Search,810.07
2023-01-02,Social,435.36
2023-01-02,Email,120.58
2023-01-02,Affiliate,342.11
2023-01-02,Display,220.75
2023-01-03,Paid Search,606.56
2023-01-03,Social,714.54
2023-01-03,Email,118.97
2023-01-03,Affiliate,265.39
2023-01-03,Display,293.15
2023-01-04,Paid Search,1069.68
2023-01-04,Social,496.72
2023-01-04,Email,121.66
2023-01-04,Affiliate,259.31
2023-01-04,Display,186.61
2023-01-05,Paid Search,876.76
2023-01-05,Social,455.57
2023-01-05,Email,94.64
2023-01-05,Affiliate,363.08
2023-01-05,Display,272.27
2023-01-06,Paid Search,417.82
2023-01-06,Social,618.71
2023-01-06,Email,152.62
2023-01-06,Affiliate,221.61
2023-01-06,Display,282.22
2023-01-07,Paid Search,887.21
2023-01-07,Social,462.01
2023-01-07,Email,116.46
2023-01-07,Affiliate,207.65
2023-01-07,Display,218.98
2023-01-08,Paid Search,497.18
2023-01-08,Social,468.2
2023-01-08,Email,109.77
2023-01-08,Affiliate,286.49
2023-01-08,Display,238.5
2023-01-09,Paid Search,626.67
2023-01-09,Social,489.28
2023-01-09,Email,179.31
2023-01-09,Affiliate,133.3
2023-01-09,Display,238.83
2023-01-10,Paid Search,787.37
2023-01-10,Social,514.41
2023-01-10,Email,85.9
2023-01-10,Affiliate,423.72
2023-01-10,Display,86.06
2023-01-11,Paid Search,987.15
2023-01-11,Social,525.65
2023-01-11,Email,152.12
2023-01-11,Affiliate,236.85
2023-01-11,Display,238.81
2023-01-12,Paid Search,898.48
2023-01-12,Social,427.15
2023-01-12,Email,137.85
2023-01-12,Affiliate,296.97
2023-01-12,Display,179.4
2023-01-13,Paid Search,522.72
2023-01-13,Social,511.78
2023-01-13,Email,132.03
2023-01-13,Affiliate,209.39
2023-01-13,Display,136.05
2023-01-14,Paid Search,1206.26
2023-01-14,Social,587.44
2023-01-14,Email,107.27
2023-01-14,Affiliate,382.44
2023-01-14,Display,405.18
2023-01-15,Paid Search,916.15
2023-01-15,Social,490.93
2023-01-15,Email,131.84
2023-01-15,Affiliate,369.84
2023-01-15,Display,270.02
2023-01-16,Paid Search,760.76
2023-01-16,Social,325.21
2023-01-16,Email,141.9
2023-01-16,Affiliate,298.17
2023-01-16,Display,230.48
2023-01-17,Paid Search,873.78
2023-01-17,Social,441.85
2023-01-17,Email,153.11
2023-01-17,Affiliate,266.51
2023-01-17,Display,195.93
2023-01-18,Paid Search,845.47
2023-01-18,Social,520.5
2023-01-18,Email,105.06
2023-01-18,Affiliate,354.03
2023-01-18,Display,331.3
2023-01-19,Paid Search,968.32
2023-01-19,Social,643.23
2023-01-19,Email,64.65
2023-01-19,Affiliate,176.85
2023-01-19,Display,275.93
2023-01-20,Paid Search,699.34
2023-01-20,Social,563.06
2023-01-20,Email,171.33
2023-01-20,Affiliate,287.55
2023-01-20,Display,302.28
2023-01-21,Paid Search,488.2
2023-01-21,Social,561.13
2023-01-21,Email,94.8
2023-01-21,Affiliate,368.45
2023-01-21,Display,320.62
2023-01-22,Paid Search,978.5
2023-01-22,Social,549.73
2023-01-22,Email,156.07
2023-01-22,Affiliate,289.26
2023-01-22,Display,302.45
2023-01-23,Paid Search,830.99
2023-01-23,Social,666.76
2023-01-23,Email,77.64
2023-01-23,Affiliate,322.09
2023-01-23,Display,254.2
2023-01-24,Paid Search,881.16
2023-01-24,Social,555.59
2023-01-24,Email,94.5
2023-01-24,Affiliate,249.58
2023-01-24,Display,310.52
2023-01-25,Paid Search,1095.21
2023-01-25,Social,392.01
2023-01-25,Email,88.56
2023-01-25,Affiliate,491.8
2023-01-25,Display,268.91
2023-01-26,Paid Search,726.87
2023-01-26,Social,416.84
2023-01-26,Email,142.05
2023-01-26,Affiliate,266.46
2023-01-26,Display,249.02
2023-01-27,Paid Search,1379.77
2023-01-27,Social,543.22
2023-01-27,Email,74.5
2023-01-27,Affiliate,304.76
2023-01-27,Display,322.61
2023-01-28,Paid Search,719.1
2023-01-28,Social,693.28
2023-01-28,Email,84.07
2023-01-28,Affiliate,487.97
2023-01-28,Display,300.17
2023-01-29,Paid Search,1158.43
2023-01-29,Social,532.2
2023-01-29,Email,99.77
2023-01-29,Affiliate,161.25
2023-01-29,Display,187.7
2023-01-30,Paid Search,412.18
2023-01-30,Social,517.98
2023-01-30,Email,121.64
2023-01-30,Affiliate,442.59
2023-01-30,Display,268.49
2023-01-31,Paid Search,961.4
2023-01-31,Social,394.16
2023-01-31,Email,160.74
2023-01-31,Affiliate,292.34
2023-01-31,Display,222.72
2023-02-01,Paid Search,526.58
2023-02-01,Social,443.93
2023-02-01,Email,69.65
2023-02-01,Affiliate,216.95
2023-02-01,Display,285.63
2023-02-02,Paid Search,790.45
2023-02-02,Social,527.07
2023-02-02,Email,105.31
2023-02-02,Affiliate,366.39
2023-02-02,Display,195.72
2023-02-03,Paid Search,749.85
2023-02-03,Social,416.58
2023-02-03,Email,102.99
2023-02-03,Affiliate,272.87
2023-02-03,Display,245.97
2023-02-04,Paid Search,918.58
2023-02-04,Social,419.7
2023-02-04,Email,131.46
2023-02-04,Affiliate,308.14
2023-02-04,Display,183.43
2023-02-05,Paid Search,947.23
2023-02-05,Social,557.97
2023-02-05,Email,135.73
2023-02-05,Affiliate,280.81
2023-02-05,Display,308.5
2023-02-06,Paid Search,994.13
2023-02-06,Social,257.17
2023-02-06,Email,152.8
2023-02-06,Affiliate,258.8
2023-02-06,Display,135.06
2023-02-07,Paid Search,1065.54
2023-02-07,Social,328.74
2023-02-07,Email,109.93
2023-02-07,Affiliate,303.83
2023-02-07,Display,174.32
2023-02-08,Paid Search,1007.17
2023-02-08,Social,512.0
2023-02-08,Email,155.65
2023-02-08,Affiliate,228.58
2023-02-08,Display,251.57
2023-02-09,Paid Search,615.66
2023-02-09,Social,402.69
2023-02-09,Email,85.06
2023-02-09,Affiliate,377.46
2023-02-09,Display,238.51
2023-02-10,Paid Search,615.54
2023-02-10,Social,480.39
2023-02-10,Email,163.01
2023-02-10,Affiliate,292.05
2023-02-10,Display,314.16
2023-02-11,Paid Search,738.07
2023-02-11,Social,611.7
2023-02-11,Email,110.03
2023-02-11,Affiliate,261.46
2023-02-11,Display,200.61
2023-02-12,Paid Search,963.87
2023-02-12,Social,638.61
2023-02-12,Email,90.47
2023-02-12,Affiliate,357.13
2023-02-12,Display,159.58
2023-02-13,Paid Search,758.32
2023-02-13,Social,543.58
2023-02-13,Email,90.39
2023-02-13,Affiliate,348.53
2023-02-13,Display,251.51
2023-02-14,Paid Search,760.1
2023-02-14,Social,364.36
2023-02-14,Email,76.03
2023-02-14,Affiliate,330.22
2023-02-14,Display,234.31
2023-02-15,Paid Search,563.02
2023-02-15,Social,444.36
2023-02-15,Email,138.59
2023-02-15,Affiliate,278.88
2023-02-15,Display,248.41
2023-02-16,Paid Search,647.48
2023-02-16,Social,594.84
2023-02-16,Email,82.66
2023-02-16,Affiliate,306.9
2023-02-16,Display,218.75
2023-02-17,Paid Search,870.58
2023-02-17,Social,462.56
2023-02-17,Email,117.3
2023-02-17,Affiliate,297.39
2023-02-17,Display,102.03
2023-02-18,Paid Search,779.61
2023-02-18,Social,492.75
2023-02-18,Email,140.71
2023-02-18,Affiliate,170.61
2023-02-18,Display,237.61
2023-02-19,Paid Search,644.22
2023-02-19,Social,751.25
2023-02-19,Email,98.66
2023-02-19,Affiliate,217.41
2023-02-19,Display,270.12
2023-02-20,Paid Search,726.3
2023-02-20,Social,306.27
2023-02-20,Email,101.42
2023-02-20,Affiliate,330.11
2023-02-20,Display,244.54
2023-02-21,Paid Search,861.57
2023-02-21,Social,527.71
2023-02-21,Email,127.0
2023-02-21,Affiliate,274.22
2023-02-21,Display,321.02
2023-02-22,Paid Search,628.03
2023-02-22,Social,502.88
2023-02-22,Email,126.15
2023-02-22,Affiliate,394.5
2023-02-22,Display,137.78
2023-02-23,Paid Search,1001.24
2023-02-23,Social,260.31
2023-02-23,Email,105.74
2023-02-23,Affiliate,263.62
2023-02-23,Display,390.68
2023-02-24,Paid Search,1075.95
2023-02-24,Social,495.11
2023-02-24,Email,142.76
2023-02-24,Affiliate,144.6
2023-02-24,Display,237.75
2023-02-25,Paid Search,662.09
2023-02-25,Social,394.03
2023-02-25,Email,142.77
2023-02-25,Affiliate,140.24
2023-02-25,Display,287.71
2023-02-26,Paid Search,906.12
2023-02-26,Social,684.89
2023-02-26,Email,137.78
2023-02-26,Affiliate,163.54
2023-02-26,Display,282.02
2023-02-27,Paid Search,693.62
2023-02-27,Social,473.07
2023-02-27,Email,123.93
2023-02-27,Affiliate,371.4
2023-02-27,Display,343.72
2023-02-28,Paid Search,1118.09
2023-02-28,Social,581.87
2023-02-28,Email,123.6
2023-02-28,Affiliate,267.79
2023-02-28,Display,369.06
2023-03-01,Paid Search,866.71
2023-03-01,Social,464.63
2023-03-01,Email,168.41
2023-03-01,Affiliate,466.79
2023-03-01,Display,154.55
2023-03-02,Paid Search,1266.22
2023-03-02,Social,646.37
2023-03-02,Email,78.41
2023-03-02,Affiliate,369.1
2023-03-02,Display,212.54
2023-03-03,Paid Search,797.4
2023-03-03,Social,360.9
2023-03-03,Email,179.65
2023-03-03,Affiliate,175.13
2023-03-03,Display,140.06
2023-03-04,Paid Search,810.78
2023-03-04,Social,536.8
2023-03-04,Email,146.67
2023-03-04,Affiliate,171.86
2023-03-04,Display,167.93
2023-03-05,Paid Search,954.74
2023-03-05,Social,301.5
2023-03-05,Email,93.82
2023-03-05,Affiliate,317.2
2023-03-05,Display,244.67
2023-03-06,Paid Search,1129.34
2023-03-06,Social,361.04
2023-03-06,Email,166.88
2023-03-06,Affiliate,358.24
2023-03-06,Display,294.27
2023-03-07,Paid Search,718.46
2023-03-07,Social,635.54
2023-03-07,Email,145.94
2023-03-07,Affiliate,362.3
2023-03-07,Display,277.59
2023-03-08,Paid Search,962.7
2023-03-08,Social,386.55
2023-03-08,Email,121.59
2023-03-08,Affiliate,205.79
2023-03-08,Display,244.3
2023-03-09,Paid Search,776.5
2023-03-09,Social,403.42
2023-03-09,Email,153.81
2023-03-09,Affiliate,317.03
2023-03-09,Display,254.24
2023-03-10,Paid Search,1052.74
2023-03-10,Social,744.34
2023-03-10,Email,83.54
2023-03-10,Affiliate,161.39
2023-03-10,Display,293.75
2023-03-11,Paid Search,586.86
2023-03-11,Social,242.59
2023-03-11,Email,168.23
2023-03-11,Affiliate,405.63
2023-03-11,Display,253.57
2023-03-12,Paid Search,620.18
2023-03-12,Social,444.27
2023-03-12,Email,118.25
2023-03-12,Affiliate,310.58
2023-03-12,Display,395.33
2023-03-13,Paid Search,724.47
2023-03-13,Social,659.57
2023-03-13,Email,124.3
2023-03-13,Affiliate,219.15
2023-03-13,Display,320.22
2023-03-14,Paid Search,633.57
2023-03-14,Social,428.53
2023-03-14,Email,106.24
2023-03-14,Affiliate,371.38
2023-03-14,Display,150.47
2023-03-15,Paid Search,914.99
2023-03-15,Social,134.67
2023-03-15,Email,174.18
2023-03-15,Affiliate,418.07
2023-03-15,Display,182.54
2023-03-16,Paid Search,850.04
2023-03-16,Social,629.84
2023-03-16,Email,96.44
2023-03-16,Affiliate,123.79
2023-03-16,Display,324.29
2023-03-17,Paid Search,869.72
2023-03-17,Social,481.62
2023-03-17,Email,139.93
2023-03-17,Affiliate,389.92
2023-03-17,Display,244.73
2023-03-18,Paid Search,862.52
2023-03-18,Social,377.91
2023-03-18,Email,106.65
2023-03-18,Affiliate,384.0
2023-03-18,Display,338.53
2023-03-19,Paid Search,578.5
2023-03-19,Social,833.46
2023-03-19,Email,111.13
2023-03-19,Affiliate,267.5
2023-03-19,Display,339.99
2023-03-20,Paid Search,867.37
2023-03-20,Social,384.83
2023-03-20,Email,94.81
2023-03-20,Affiliate,362.14
2023-03-20,Display,208.18
2023-03-21,Paid Search,602.24
2023-03-21,Social,528.22
2023-03-21,Email,93.89
2023-03-21,Affiliate,200.35
2023-03-21,Display,181.79
2023-03-22,Paid Search,949.82
2023-03-22,Social,532.43
2023-03-22,Email,104.65
2023-03-22,Affiliate,212.31
2023-03-22,Display,133.03
2023-03-23,Paid Search,675.44
2023-03-23,Social,559.9
2023-03-23,Email,92.84
2023-03-23,Affiliate,282.93
2023-03-23,Display,316.51
2023-03-24,Paid Search,817.75
2023-03-24,Social,491.88
2023-03-24,Email,147.87
2023-03-24,Affiliate,427.4
2023-03-24,Display,207.18
2023-03-25,Paid Search,846.11
2023-03-25,Social,578.23
2023-03-25,Email,91.57
2023-03-25,Affiliate,362.72
2023-03-25,Display,252.06
2023-03-26,Paid Search,644.16
2023-03-26,Social,472.38
2023-03-26,Email,89.13
2023-03-26,Affiliate,452.07
2023-03-26,Display,338.3
2023-03-27,Paid Search,851.15
2023-03-27,Social,449.69
2023-03-27,Email,91.49
2023-03-27,Affiliate,349.04
2023-03-27,Display,314.68
2023-03-28,Paid Search,890.17
2023-03-28,Social,362.26
2023-03-28,Email,75.63
2023-03-28,Affiliate,216.19
2023-03-28,Display,220.4
2023-03-29,Paid Search,493.0
2023-03-29,Social,613.07
2023-03-29,Email,129.95
2023-03-29,Affiliate,211.58
2023-03-29,Display,292.12
2023-03-30,Paid Search,802.22
2023-03-30,Social,785.67
2023-03-30,Email,101.54
2023-03-30,Affiliate,271.87
2023-03-30,Display,244.59
2023-03-31,Paid Search,846.82
2023-03-31,Social,598.22
2023-03-31,Email,106.97
2023-03-31,Affiliate,360.57
2023-03-31,Display,228.25
2023-04-01,Paid Search,883.77
2023-04-01,Social,799.57
2023-04-01,Email,98.21
2023-04-01,Affiliate,225.99
2023-04-01,Display,168.0
2023-04-02,Paid Search,419.7
2023-04-02,Social,342.38
2023-04-02,Email,139.4
2023-04-02,Affiliate,294.75
2023-04-02,Display,209.96
2023-04-03,Paid Search,949.54
2023-04-03,Social,229.27
2023-04-03,Email,158.8
2023-04-03,Affiliate,291.25
2023-04-03,Display,234.04
2023-04-04,Paid Search,974.42
2023-04-04,Social,422.12
2023-04-04,Email,119.84
2023-04-04,Affiliate,302.97
2023-04-04,Display,292.36
2023-04-05,Paid Search,1401.52
2023-04-05,Social,507.67
2023-04-05,Email,180.59
2023-04-05,Affiliate,267.83
2023-04-05,Display,194.48
2023-04-06,Paid Search,1259.97
2023-04-06,Social,465.71
2023-04-06,Email,134.32
2023-04-06,Affiliate,300.17
2023-04-06,Display,238.28
2023-04-07,Paid Search,724.02
2023-04-07,Social,339.64
2023-04-07,Email,101.89
2023-04-07,Affiliate,374.72
2023-04-07,Display,234.96
2023-04-08,Paid Search,730.29
2023-04-08,Social,691.46
2023-04-08,Email,109.78
2023-04-08,Affiliate,395.35
2023-04-08,Display,218.07
2023-04-09,Paid Search,685.75
2023-04-09,Social,526.58
2023-04-09,Email,135.87
2023-04-09,Affiliate,261.67
2023-04-09,Display,337.84
2023-04-10,Paid Search,667.02
2023-04-10,Social,523.29
2023-04-10,Email,137.42
2023-04-10,Affiliate,348.83
2023-04-10,Display,227.36
2023-04-11,Paid Search,620.92
2023-04-11,Social,609.99
2023-04-11,Email,100.39
2023-04-11,Affiliate,356.32
2023-04-11,Display,179.86
2023-04-12,Paid Search,712.18
2023-04-12,Social,379.5
2023-04-12,Email,97.91
2023-04-12,Affiliate,203.0
2023-04-12,Display,281.21
2023-04-13,Paid Search,599.08
2023-04-13,Social,580.13
2023-04-13,Email,110.57
2023-04-13,Affiliate,284.36
2023-04-13,Display,268.4
2023-04-14,Paid Search,903.95
2023-04-14,Social,586.5
2023-04-14,Email,150.83
2023-04-14,Affiliate,170.87
2023-04-14,Display,272.79
2023-04-15,Paid Search,507.57
2023-04-15,Social,380.53
2023-04-15,Email,148.39
2023-04-15,Affiliate,238.8
2023-04-15,Display,240.41
2023-04-16,Paid Search,919.11
2023-04-16,Social,388.64
2023-04-16,Email,81.38
2023-04-16,Affiliate,321.19
2023-04-16,Display,198.87
2023-04-17,Paid Search,555.65
2023-04-17,Social,559.62
2023-04-17,Email,172.81
2023-04-17,Affiliate,197.3
2023-04-17,Display,228.83
2023-04-18,Paid Search,481.01
2023-04-18,Social,513.53
2023-04-18,Email,88.65
2023-04-18,Affiliate,222.84
2023-04-18,Display,204.19
2023-04-19,Paid Search,602.6
2023-04-19,Social,431.77
2023-04-19,Email,122.74
2023-04-19,Affiliate,243.19
2023-04-19,Display,252.84
2023-04-20,Paid Search,965.11
2023-04-20,Social,453.17
2023-04-20,Email,74.81
2023-04-20,Affiliate,377.47
2023-04-20,Display,282.46
2023-04-21,Paid Search,937.96
2023-04-21,Social,411.11
2023-04-21,Email,119.26
2023-04-21,Affiliate,254.25
2023-04-21,Display,331.59
2023-04-22,Paid Search,781.0
2023-04-22,Social,435.67
2023-04-22,Email,137.76
2023-04-22,Affiliate,313.32
2023-04-22,Display,274.53
2023-04-23,Paid Search,802.64
2023-04-23,Social,431.34
2023-04-23,Email,98.7
2023-04-23,Affiliate,391.56
2023-04-23,Display,275.99
2023-04-24,Paid Search,1134.64
2023-04-24,Social,515.33
2023-04-24,Email,115.78
2023-04-24,Affiliate,272.3
2023-04-24,Display,251.44
2023-04-25,Paid Search,756.08
2023-04-25,Social,712.57
2023-04-25,Email,114.98
2023-04-25,Affiliate,156.69
2023-04-25,Display,75.05
2023-04-26,Paid Search,888.79
2023-04-26,Social,561.9
2023-04-26,Email,103.9
2023-04-26,Affiliate,225.55
2023-04-26,Display,229.9
2023-04-27,Paid Search,872.64
2023-04-27,Social,347.81
2023-04-27,Email,98.82
2023-04-27,Affiliate,274.87
2023-04-27,Display,203.78
2023-04-28,Paid Search,847.72
2023-04-28,Social,480.31
2023-04-28,Email,39.58
2023-04-28,Affiliate,541.19
2023-04-28,Display,272.66
2023-04-29,Paid Search,911.01
2023-04-29,Social,530.85
2023-04-29,Email,115.76
2023-04-29,Affiliate,311.56
2023-04-29,Display,327.23
2023-04-30,Paid Search,805.61
2023-04-30,Social,303.75
2023-04-30,Email,122.66
2023-04-30,Affiliate,315.13
2023-04-30,Display,275.37
2023-05-01,Paid Search,889.81
2023-05-01,Social,686.5
2023-05-01,Email,156.56
2023-05-01,Affiliate,296.44
2023-05-01,Display,183.62
2023-05-02,Paid Search,797.49
2023-05-02,Social,329.55
2023-05-02,Email,32.04
2023-05-02,Affiliate,343.75
2023-05-02,Display,178.33
2023-05-03,Paid Search,791.93
2023-05-03,Social,292.54
2023-05-03,Email,141.03
2023-05-03,Affiliate,203.68
2023-05-03,Display,367.81
2023-05-04,Paid Search,860.02
2023-05-04,Social,485.07
2023-05-04,Email,149.95
2023-05-04,Affiliate,235.26
2023-05-04,Display,307.44
2023-05-05,Paid Search,750.7
2023-05-05,Social,552.48
2023-05-05,Email,145.8
2023-05-05,Affiliate,165.12
2023-05-05,Display,199.99
2023-05-06,Paid Search,820.07
2023-05-06,Social,360.83
2023-05-06,Email,143.12
2023-05-06,Affiliate,249.27
2023-05-06,Display,222.94
2023-05-07,Paid Search,805.35
2023-05-07,Social,633.25
2023-05-07,Email,175.22
2023-05-07,Affiliate,242.36
2023-05-07,Display,290.33
2023-05-08,Paid Search,864.6
2023-05-08,Social,519.3
2023-05-08,Email,112.33
2023-05-08,Affiliate,224.74
2023-05-08,Display,286.97
2023-05-09,Paid Search,485.17
2023-05-09,Social,318.59
2023-05-09,Email,24.7
2023-05-09,Affiliate,286.04
2023-05-09,Display,164.63
2023-05-10,Paid Search,826.45
2023-05-10,Social,420.33
2023-05-10,Email,117.65
2023-05-10,Affiliate,326.87
2023-05-10,Display,291.86
2023-05-11,Paid Search,570.57
2023-05-11,Social,502.82
2023-05-11,Email,121.39
2023-05-11,Affiliate,307.85
2023-05-11,Display,241.01
2023-05-12,Paid Search,898.41
2023-05-12,Social,642.28
2023-05-12,Email,161.69
2023-05-12,Affiliate,387.55
2023-05-12,Display,196.08
2023-05-13,Paid Search,1572.29
2023-05-13,Social,268.93
2023-05-13,Email,131.26
2023-05-13,Affiliate,315.91
2023-05-13,Display,320.52
2023-05-14,Paid Search,481.66
2023-05-14,Social,757.27
2023-05-14,Email,109.42
2023-05-14,Affiliate,274.55
2023-05-14,Display,304.31
2023-05-15,Paid Search,581.42
2023-05-15,Social,447.47
2023-05-15,Email,124.89
2023-05-15,Affiliate,367.32
2023-05-15,Display,203.56
2023-05-16,Paid Search,1180.05
2023-05-16,Social,623.82
2023-05-16,Email,114.29
2023-05-16,Affiliate,334.08
2023-05-16,Display,249.96
2023-05-17,Paid Search,672.22
2023-05-17,Social,680.4
2023-05-17,Email,161.0
2023-05-17,Affiliate,329.02
2023-05-17,Display,242.05
2023-05-18,Paid Search,845.84
2023-05-18,Social,372.69
2023-05-18,Email,129.54
2023-05-18,Affiliate,365.28
2023-05-18,Display,293.98
2023-05-19,Paid Search,481.19
2023-05-19,Social,612.21
2023-05-19,Email,80.94
2023-05-19,Affiliate,458.43
2023-05-19,Display,259.85
2023-05-20,Paid Search,699.87
2023-05-20,Social,457.44
2023-05-20,Email,136.64
2023-05-20,Affiliate,323.91
2023-05-20,Display,111.82
2023-05-21,Paid Search,1152.5
2023-05-21,Social,561.7
2023-05-21,Email,96.53
2023-05-21,Affiliate,134.39
2023-05-21,Display,360.09
2023-05-22,Paid Search,825.12
2023-05-22,Social,531.4
2023-05-22,Email,97.6
2023-05-22,Affiliate,211.25
2023-05-22,Display,309.64
2023-05-23,Paid Search,899.3
2023-05-23,Social,467.6
2023-05-23,Email,151.28
2023-05-23,Affiliate,289.95
2023-05-23,Display,169.62
2023-05-24,Paid Search,527.55
2023-05-24,Social,385.55
2023-05-24,Email,110.39
2023-05-24,Affiliate,319.1
2023-05-24,Display,232.7
2023-05-25,Paid Search,1109.72
2023-05-25,Social,500.23
2023-05-25,Email,145.47
2023-05-25,Affiliate,292.1
2023-05-25,Display,273.03
2023-05-26,Paid Search,876.66
2023-05-26,Social,507.84
2023-05-26,Email,150.29
2023-05-26,Affiliate,172.83
2023-05-26,Display,251.27
2023-05-27,Paid Search,701.04
2023-05-27,Social,451.15
2023-05-27,Email,107.59
2023-05-27,Affiliate,240.82
2023-05-27,Display,182.32
2023-05-28,Paid Search,486.82
2023-05-28,Social,415.89
2023-05-28,Email,151.65
2023-05-28,Affiliate,321.95
2023-05-28,Display,326.16
2023-05-29,Paid Search,691.66
2023-05-29,Social,638.79
2023-05-29,Email,137.55
2023-05-29,Affiliate,282.37
2023-05-29,Display,307.12
2023-05-30,Paid Search,890.24
2023-05-30,Social,508.81
2023-05-30,Email,138.07
2023-05-30,Affiliate,320.25
2023-05-30,Display,144.08
2023-05-31,Paid Search,827.09
2023-05-31,Social,505.27
2023-05-31,Email,126.07
2023-05-31,Affiliate,370.8
2023-05-31,Display,319.85
2023-06-01,Paid Search,843.67
2023-06-01,Social,534.42
2023-06-01,Email,161.23
2023-06-01,Affiliate,325.46
2023-06-01,Display,335.33
2023-06-02,Paid Search,897.1
2023-06-02,Social,339.75
2023-06-02,Email,127.89
2023-06-02,Affiliate,263.54
2023-06-02,Display,294.63
2023-06-03,Paid Search,796.42
2023-06-03,Social,209.33
2023-06-03,Email,131.91
2023-06-03,Affiliate,323.06
2023-06-03,Display,246.18
2023-06-04,Paid Search,1097.16
2023-06-04,Social,498.08
2023-06-04,Email,106.67
2023-06-04,Affiliate,336.39
2023-06-04,Display,167.72
2023-06-05,Paid Search,684.62
2023-06-05,Social,549.9
2023-06-05,Email,85.38
2023-06-05,Affiliate,329.18
2023-06-05,Display,142.87
2023-06-06,Paid Search,1061.03
2023-06-06,Social,351.15
2023-06-06,Email,96.44
2023-06-06,Affiliate,261.54
2023-06-06,Display,307.95
2023-06-07,Paid Search,593.08
2023-06-07,Social,531.03
2023-06-07,Email,122.91
2023-06-07,Affiliate,345.0
2023-06-07,Display,289.94
2023-06-08,Paid Search,869.45
2023-06-08,Social,634.06
2023-06-08,Email,97.73
2023-06-08,Affiliate,331.79
2023-06-08,Display,272.51
2023-06-09,Paid Search,1151.12
2023-06-09,Social,402.84
2023-06-09,Email,143.5
2023-06-09,Affiliate,248.22
2023-06-09,Display,228.06
2023-06-10,Paid Search,746.25
2023-06-10,Social,387.2
2023-06-10,Email,108.94
2023-06-10,Affiliate,187.71
2023-06-10,Display,265.03
2023-06-11,Paid Search,665.6
2023-06-11,Social,269.89
2023-06-11,Email,121.52
2023-06-11,Affiliate,308.92
2023-06-11,Display,222.97
2023-06-12,Paid Search,427.46
2023-06-12,Social,339.49
2023-06-12,Email,146.18
2023-06-12,Affiliate,313.66
2023-06-12,Display,121.54
2023-06-13,Paid Search,915.58
2023-06-13,Social,499.9
2023-06-13,Email,173.92
2023-06-13,Affiliate,268.46
2023-06-13,Display,216.18
2023-06-14,Paid Search,1060.08
2023-06-14,Social,659.38
2023-06-14,Email,154.1
2023-06-14,Affiliate,278.35
2023-06-14,Display,326.12
2023-06-15,Paid Search,887.89
2023-06-15,Social,385.45
2023-06-15,Email,136.41
2023-06-15,Affiliate,257.33
2023-06-15,Display,136.11
2023-06-16,Paid Search,782.26
2023-06-16,Social,535.87
2023-06-16,Email,120.9
2023-06-16,Affiliate,240.97
2023-06-16,Display,237.81
2023-06-17,Paid Search,384.27
2023-06-17,Social,439.74
2023-06-17,Email,147.01
2023-06-17,Affiliate,328.05
2023-06-17,Display,272.1
2023-06-18,Paid Search,875.2
2023-06-18,Social,421.94
2023-06-18,Email,119.18
2023-06-18,Affiliate,207.55
2023-06-18,Display,160.5
2023-06-19,Paid Search,917.49
2023-06-19,Social,583.11
2023-06-19,Email,94.21
2023-06-19,Affiliate,327.75
2023-06-19,Display,163.66
2023-06-20,Paid Search,644.98
2023-06-20,Social,643.09
2023-06-20,Email,143.15
2023-06-20,Affiliate,85.31
2023-06-20,Display,202.86
2023-06-21,Paid Search,1025.06
2023-06-21,Social,579.43
2023-06-21,Email,117.66
2023-06-21,Affiliate,404.98
2023-06-21,Display,158.3
2023-06-22,Paid Search,795.42
2023-06-22,Social,679.56
2023-06-22,Email,105.01
2023-06-22,Affiliate,243.15
2023-06-22,Display,183.72
2023-06-23,Paid Search,892.87
2023-06-23,Social,531.15
2023-06-23,Email,141.23
2023-06-23,Affiliate,253.05
2023-06-23,Display,242.35
2023-06-24,Paid Search,788.57
2023-06-24,Social,344.04
2023-06-24,Email,95.37
2023-06-24,Affiliate,347.01
2023-06-24,Display,182.96
2023-06-25,Paid Search,892.43
2023-06-25,Social,428.29
2023-06-25,Email,100.13
2023-06-25,Affiliate,275.22
2023-06-25,Display,282.21
2023-06-26,Paid Search,858.12
2023-06-26,Social,415.56
2023-06-26,Email,93.76
2023-06-26,Affiliate,220.45
2023-06-26,Display,290.98
2023-06-27,Paid Search,813.51
2023-06-27,Social,516.37
2023-06-27,Email,101.74
2023-06-27,Affiliate,412.95
2023-06-27,Display,266.77
2023-06-28,Paid Search,726.85
2023-06-28,Social,546.24
2023-06-28,Email,125.66
2023-06-28,Affiliate,278.36
2023-06-28,Display,220.14
2023-06-29,Paid Search,879.77
2023-06-29,Social,393.41
2023-06-29,Email,128.78
2023-06-29,Affiliate,359.78
2023-06-29,Display,231.64
2023-06-30,Paid Search,592.48
2023-06-30,Social,562.65
2023-06-30,Email,111.99
2023-06-30,Affiliate,200.34
2023-06-30,Display,394.23
2023-07-01,Paid Search,607.45
2023-07-01,Social,372.02
2023-07-01,Email,60.51
2023-07-01,Affiliate,357.63
2023-07-01,Display,115.92
2023-07-02,Paid Search,648.78
2023-07-02,Social,562.35
2023-07-02,Email,129.39
2023-07-02,Affiliate,381.68
2023-07-02,Display,233.63
2023-07-03,Paid Search,982.96
2023-07-03,Social,493.92
2023-07-03,Email,95.32
2023-07-03,Affiliate,310.98
2023-07-03,Display,279.81
2023-07-06,Paid Search,620.78
2023-07-06,Social,645.32
2023-07-06,Email,142.09
2023-07-06,Affiliate,284.0
2023-07-06,Display,404.79
2023-07-07,Paid Search,893.89
2023-07-07,Social,471.53
2023-07-07,Email,130.52
2023-07-07,Affiliate,313.98
2023-07-07,Display,320.84
2023-07-08,Paid Search,587.89
2023-07-08,Social,524.42
2023-07-08,Email,79.04
2023-07-08,Affiliate,290.55
2023-07-08,Display,219.4
2023-07-09,Paid Search,1144.51
2023-07-09,Social,512.46
2023-07-09,Email,164.94
2023-07-09,Affiliate,268.45
2023-07-09,Display,226.63
2023-07-10,Paid Search,425.36
2023-07-10,Social,726.87
2023-07-10,Email,114.94
2023-07-10,Affiliate,412.11
2023-07-10,Display,264.55
2023-07-11,Paid Search,915.1
2023-07-11,Social,651.49
2023-07-11,Email,70.23
2023-07-11,Affiliate,258.5
2023-07-11,Display,330.05
2023-07-12,Paid Search,669.0
2023-07-12,Social,401.57
2023-07-12,Email,103.56
2023-07-12,Affiliate,365.41
2023-07-12,Display,189.85
2023-07-13,Paid Search,811.06
2023-07-13,Social,492.0
2023-07-13,Email,94.12
2023-07-13,Affiliate,336.37
2023-07-13,Display,177.94
2023-07-14,Paid Search,849.27
2023-07-14,Social,316.14
2023-07-14,Email,72.18
2023-07-14,Affiliate,343.99
2023-07-14,Display,264.02
2023-07-15,Paid Search,913.47
2023-07-15,Social,265.83
2023-07-15,Email,121.18
2023-07-15,Affiliate,321.4
2023-07-15,Display,213.28
2023-07-16,Paid Search,635.5
2023-07-16,Social,623.7
2023-07-16,Email,131.2
2023-07-16,Affiliate,294.36
2023-07-16,Display,196.7
2023-07-17,Paid Search,682.53
2023-07-17,Social,445.29
2023-07-17,Email,188.68
2023-07-17,Affiliate,153.89
2023-07-17,Display,192.24
2023-07-18,Paid Search,413.4
2023-07-18,Social,778.96
2023-07-18,Email,119.04
2023-07-18,Affiliate,378.11
2023-07-18,Display,235.33
2023-07-19,Paid Search,738.32
2023-07-19,Social,656.38
2023-07-19,Email,145.59
2023-07-19,Affiliate,249.83
2023-07-19,Display,354.5
2023-07-20,Paid Search,1021.25
2023-07-20,Social,514.85
2023-07-20,Email,78.93
2023-07-20,Affiliate,185.86
2023-07-20,Display,203.04
2023-07-21,Paid Search,820.52
2023-07-21,Social,573.41
2023-07-21,Email,118.06
2023-07-21,Affiliate,389.41
2023-07-21,Display,210.01
2023-07-22,Paid Search,417.11
2023-07-22,Social,650.38
2023-07-22,Email,200.11
2023-07-22,Affiliate,238.53
2023-07-22,Display,385.36
2023-07-23,Paid Search,800.36
2023-07-23,Social,576.01
2023-07-23,Email,125.45
2023-07-23,Affiliate,247.13
2023-07-23,Display,350.76
2023-07-24,Paid Search,1032.21
2023-07-24,Social,639.11
2023-07-24,Email,87.97
2023-07-24,Affiliate,276.78
2023-07-24,Display,259.91
2023-07-25,Paid Search,827.02
2023-07-25,Social,570.54
2023-07-25,Email,109.4
2023-07-25,Affiliate,423.7
2023-07-25,Display,189.45
2023-07-26,Paid Search,925.14
2023-07-26,Social,599.82
2023-07-26,Email,93.2
2023-07-26,Affiliate,252.07
2023-07-26,Display,282.89
2023-07-27,Paid Search,801.56
2023-07-27,Social,569.44
2023-07-27,Email,141.28
2023-07-27,Affiliate,257.05
2023-07-27,Display,229.06
2023-07-28,Paid Search,815.27
2023-07-28,Social,636.31
2023-07-28,Email,130.0
2023-07-28,Affiliate,236.57
2023-07-28,Display,206.57
2023-07-29,Paid Search,784.54
2023-07-29,Social,610.7
2023-07-29,Email,111.87
2023-07-29,Affiliate,322.27
2023-07-29,Display,160.96
2023-07-30,Paid Search,893.71
2023-07-30,Social,456.43
2023-07-30,Email,92.96
2023-07-30,Affiliate,253.92
2023-07-30,Display,333.97
2023-07-31,Paid Search,1005.8
2023-07-31,Social,562.0
2023-07-31,Email,103.34
2023-07-31,Affiliate,318.28
2023-07-31,Display,248.69
2023-08-01,Paid Search,1167.66
2023-08-01,Social,393.95
2023-08-01,Email,131.32
2023-08-01,Affiliate,348.65
2023-08-01,Display,188.94
2023-08-02,Paid Search,529.38
2023-08-02,Social,464.19
2023-08-02,Email,112.94
2023-08-02,Affiliate,404.2
2023-08-02,Display,255.17
2023-08-03,Paid Search,878.38
2023-08-03,Social,639.81
2023-08-03,Email,92.16
2023-08-03,Affiliate,231.4
2023-08-03,Display,109.33
2023-08-04,Paid Search,1062.49
2023-08-04,Social,569.54
2023-08-04,Email,98.15
2023-08-04,Affiliate,291.46
2023-08-04,Display,160.16
2023-08-05,Paid Search,892.42
2023-08-05,Social,273.2
2023-08-05,Email,109.93
2023-08-05,Affiliate,298.02
2023-08-05,Display,332.79
2023-08-06,Paid Search,798.71
2023-08-06,Social,544.34
2023-08-06,Email,168.04
2023-08-06,Affiliate,283.31
2023-08-06,Display,243.28
2023-08-07,Paid Search,1045.8
2023-08-07,Social,436.24
2023-08-07,Email,76.43
2023-08-07,Affiliate,235.16
2023-08-07,Display,227.6
2023-08-08,Paid Search,857.44
2023-08-08,Social,518.99
2023-08-08,Email,128.78
2023-08-08,Affiliate,166.82
2023-08-08,Display,189.76
2023-08-09,Paid Search,718.3
2023-08-09,Social,364.0
2023-08-09,Email,106.81
2023-08-09,Affiliate,261.35
2023-08-09,Display,260.09
2023-08-10,Paid Search,726.32
2023-08-10,Social,558.7
2023-08-10,Email,160.08
2023-08-10,Affiliate,230.76
2023-08-10,Display,259.08
2023-08-11,Paid Search,656.29
2023-08-11,Social,296.38
2023-08-11,Email,104.11
2023-08-11,Affiliate,283.23
2023-08-11,Display,176.38
2023-08-12,Paid Search,770.97
2023-08-12,Social,355.43
2023-08-12,Email,94.07
2023-08-12,Affiliate,330.65
2023-08-12,Display,274.53
2023-08-13,Paid Search,935.26
2023-08-13,Social,725.29
2023-08-13,Email,99.1
2023-08-13,Affiliate,221.52
2023-08-13,Display,322.87
2023-08-14,Paid Search,849.3
2023-08-14,Social,450.53
2023-08-14,Email,73.27
2023-08-14,Affiliate,219.24
2023-08-14,Display,270.84
2023-08-15,Paid Search,910.73
2023-08-15,Social,555.76
2023-08-15,Email,173.09
2023-08-15,Affiliate,295.18
2023-08-15,Display,219.15
2023-08-16,Paid Search,392.57
2023-08-16,Social,365.61
2023-08-16,Email,117.08
2023-08-16,Affiliate,365.55
2023-08-16,Display,215.19
2023-08-17,Paid Search,818.05
2023-08-17,Social,629.85
2023-08-17,Email,146.61
2023-08-17,Affiliate,410.74
2023-08-17,Display,142.24
2023-08-18,Paid Search,830.69
2023-08-18,Social,440.4
2023-08-18,Email,86.05
2023-08-18,Affiliate,301.47
2023-08-18,Display,286.93
2023-08-19,Paid Search,853.36
2023-08-19,Social,319.36
2023-08-19,Email,163.51
2023-08-19,Affiliate,344.04
2023-08-19,Display,165.82
2023-08-20,Paid Search,625.07
2023-08-20,Social,562.55
2023-08-20,Email,130.13
2023-08-20,Affiliate,352.11
2023-08-20,Display,241.94
2023-08-21,Paid Search,709.87
2023-08-21,Social,587.56
2023-08-21,Email,132.7
2023-08-21,Affiliate,220.77
2023-08-21,Display,219.5
2023-08-22,Paid Search,638.2
2023-08-22,Social,386.85
2023-08-22,Email,111.13
2023-08-22,Affiliate,241.4
2023-08-22,Display,194.5
2023-08-23,Paid Search,785.25
2023-08-23,Social,361.65
2023-08-23,Email,129.95
2023-08-23,Affiliate,239.34
2023-08-23,Display,315.64
2023-08-24,Paid Search,1094.22
2023-08-24,Social,587.03
2023-08-24,Email,188.02
2023-08-24,Affiliate,317.52
2023-08-24,Display,298.39
2023-08-25,Paid Search,969.73
2023-08-25,Social,483.71
2023-08-25,Email,104.06
2023-08-25,Affiliate,290.05
2023-08-25,Display,235.06
2023-08-26,Paid Search,1075.3
2023-08-26,Social,710.7
2023-08-26,Email,155.08
2023-08-26,Affiliate,329.44
2023-08-26,Display,222.15
2023-08-27,Paid Search,591.21
2023-08-27,Social,485.34
2023-08-27,Email,74.05
2023-08-27,Affiliate,318.2
2023-08-27,Display,274.86
2023-08-28,Paid Search,1063.67
2023-08-28,Social,192.51
2023-08-28,Email,81.69
2023-08-28,Affiliate,202.78
2023-08-28,Display,276.32
2023-08-29,Paid Search,1100.95
2023-08-29,Social,472.69
2023-08-29,Email,98.09
2023-08-29,Affiliate,337.23
2023-08-29,Display,296.83
2023-08-30,Paid Search,340.9
2023-08-30,Social,268.58
2023-08-30,Email,147.91
2023-08-30,Affiliate,286.0
2023-08-30,Display,203.27
2023-08-31,Paid Search,738.16
2023-08-31,Social,297.92
2023-08-31,Email,96.03
2023-08-31,Affiliate,267.8
2023-08-31,Display,127.08
2023-09-01,Paid Search,817.81
2023-09-01,Social,508.92
2023-09-01,Email,119.05
2023-09-01,Affiliate,386.2
2023-09-01,Display,270.09
2023-09-02,Paid Search,1017.87
2023-09-02,Social,527.95
2023-09-02,Email,130.82
2023-09-02,Affiliate,244.54
2023-09-02,Display,270.14
2023-09-03,Paid Search,869.92
2023-09-03,Social,626.42
2023-09-03,Email,158.87
2023-09-03,Affiliate,318.53
2023-09-03,Display,327.38
2023-09-04,Paid Search,443.13
2023-09-04,Social,418.19
2023-09-04,Email,56.89
2023-09-04,Affiliate,193.15
2023-09-04,Display,283.85
2023-09-05,Paid Search,652.35
2023-09-05,Social,535.81
2023-09-05,Email,152.93
2023-09-05,Affiliate,249.4
2023-09-05,Display,264.89
2023-09-06,Paid Search,952.94
2023-09-06,Social,537.11
2023-09-06,Email,119.61
2023-09-06,Affiliate,166.52
2023-09-06,Display,251.91
2023-09-07,Paid Search,862.52
2023-09-07,Social,447.13
2023-09-07,Email,101.27
2023-09-07,Affiliate,183.91
2023-09-07,Display,224.3
2023-09-08,Paid Search,929.97
2023-09-08,Social,496.85
2023-09-08,Email,140.24
2023-09-08,Affiliate,455.84
2023-09-08,Display,258.86
2023-09-09,Paid Search,1086.81
2023-09-09,Social,542.92
2023-09-09,Email,121.69
2023-09-09,Affiliate,300.68
2023-09-09,Display,93.1
2023-09-10,Paid Search,661.92
2023-09-10,Social,491.12
2023-09-10,Email,119.55
2023-09-10,Affiliate,184.94
2023-09-10,Display,218.37
2023-09-11,Paid Search,1016.64
2023-09-11,Social,616.83
2023-09-11,Email,136.42
2023-09-11,Affiliate,489.42
2023-09-11,Display,314.68
2023-09-12,Paid Search,1058.33
2023-09-12,Social,585.72
2023-09-12,Email,159.54
2023-09-12,Affiliate,327.14
2023-09-12,Display,328.75
2023-09-13,Paid Search,529.42
2023-09-13,Social,590.6
2023-09-13,Email,135.77
2023-09-13,Affiliate,302.67
2023-09-13,Display,363.18
2023-09-14,Paid Search,956.15
2023-09-14,Social,494.98
2023-09-14,Email,122.76
2023-09-14,Affiliate,268.57
2023-09-14,Display,177.82
2023-09-15,Paid Search,621.08
2023-09-15,Social,245.73
2023-09-15,Email,97.92
2023-09-15,Affiliate,340.44
2023-09-15,Display,275.22
2023-09-16,Paid Search,783.93
2023-09-16,Social,336.06
2023-09-16,Email,174.04
2023-09-16,Affiliate,35.55
2023-09-16,Display,261.11
2023-09-17,Paid Search,1393.59
2023-09-17,Social,598.84
2023-09-17,Email,97.48
2023-09-17,Affiliate,346.16
2023-09-17,Display,274.62
2023-09-18,Paid Search,843.59
2023-09-18,Social,791.48
2023-09-18,Email,146.78
2023-09-18,Affiliate,318.76
2023-09-18,Display,291.69
2023-09-19,Paid Search,784.06
2023-09-19,Social,416.32
2023-09-19,Email,103.54
2023-09-19,Affiliate,361.99
2023-09-19,Display,277.3
2023-09-20,Paid Search,668.39
2023-09-20,Social,652.98
2023-09-20,Email,121.64
2023-09-20,Affiliate,377.94
2023-09-20,Display,216.35
2023-09-21,Paid Search,817.13
2023-09-21,Social,490.3
2023-09-21,Email,116.25
2023-09-21,Affiliate,264.12
2023-09-21,Display,278.33
2023-09-22,Paid Search,808.81
2023-09-22,Social,483.62
2023-09-22,Email,54.06
2023-09-22,Affiliate,331.48
2023-09-22,Display,254.53
2023-09-23,Paid Search,650.96
2023-09-23,Social,459.15
2023-09-23,Email,77.15
2023-09-23,Affiliate,296.79
2023-09-23,Display,248.01
2023-09-24,Paid Search,620.0
2023-09-24,Social,373.07
2023-09-24,Email,104.36
2023-09-24,Affiliate,432.15
2023-09-24,Display,255.77
2023-09-25,Paid Search,730.81
2023-09-25,Social,333.98
2023-09-25,Email,80.4
2023-09-25,Affiliate,259.61
2023-09-25,Display,233.78
2023-09-26,Paid Search,764.31
2023-09-26,Social,352.41
2023-09-26,Email,123.69
2023-09-26,Affiliate,136.32
2023-09-26,Display,264.03
2023-09-27,Paid Search,536.09
2023-09-27,Social,410.68
2023-09-27,Email,106.02
2023-09-27,Affiliate,429.02
2023-09-27,Display,177.39
2023-09-28,Paid Search,1056.92
2023-09-28,Social,528.37
2023-09-28,Email,123.37
2023-09-28,Affiliate,202.32
2023-09-28,Display,253.8
2023-09-29,Paid Search,819.95
2023-09-29,Social,369.93
2023-09-29,Email,112.77
2023-09-29,Affiliate,238.04
2023-09-29,Display,240.85
2023-09-30,Paid Search,969.57
2023-09-30,Social,353.52
2023-09-30,Email,120.39
2023-09-30,Affiliate,217.57
2023-09-30,Display,205.64
2023-10-01,Paid Search,665.46
2023-10-01,Social,323.63
2023-10-01,Email,153.5
2023-10-01,Affiliate,267.28
2023-10-01,Display,269.69
2023-10-02,Paid Search,626.79
2023-10-02,Social,635.95
2023-10-02,Email,109.3
2023-10-02,Affiliate,239.13
2023-10-02,Display,241.96
2023-10-03,Paid Search,766.01
2023-10-03,Social,543.19
2023-10-03,Email,121.81
2023-10-03,Affiliate,381.21
2023-10-03,Display,149.21
2023-10-04,Paid Search,738.22
2023-10-04,Social,559.15
2023-10-04,Email,108.27
2023-10-04,Affiliate,283.41
2023-10-04,Display,382.29
2023-10-05,Paid Search,431.49
2023-10-05,Social,666.41
2023-10-05,Email,84.29
2023-10-05,Affiliate,215.48
2023-10-05,Display,269.17
2023-10-06,Paid Search,480.19
2023-10-06,Social,353.36
2023-10-06,Email,125.45
2023-10-06,Affiliate,331.75
2023-10-06,Display,156.1
2023-10-07,Paid Search,1207.03
2023-10-07,Social,218.75
2023-10-07,Email,121.66
2023-10-07,Affiliate,302.63
2023-10-07,Display,308.57
2023-10-08,Paid Search,1311.99
2023-10-08,Social,637.66
2023-10-08,Email,118.44
2023-10-08,Affiliate,263.83
2023-10-08,Display,306.56
2023-10-09,Paid Search,805.57
2023-10-09,Social,548.44
2023-10-09,Email,111.12
2023-10-09,Affiliate,234.39
2023-10-09,Display,212.64
2023-10-10,Paid Search,685.14
2023-10-10,Social,721.33
2023-10-10,Email,144.37
2023-10-10,Affiliate,325.93
2023-10-10,Display,195.36
2023-10-11,Paid Search,964.83
2023-10-11,Social,405.67
2023-10-11,Email,98.97
2023-10-11,Affiliate,222.89
2023-10-11,Display,239.13
2023-10-12,Paid Search,781.96
2023-10-12,Social,558.58
2023-10-12,Email,129.86
2023-10-12,Affiliate,411.56
2023-10-12,Display,303.6
2023-10-13,Paid Search,763.57
2023-10-13,Social,563.53
2023-10-13,Email,170.67
2023-10-13,Affiliate,302.79
2023-10-13,Display,249.11
2023-10-14,Paid Search,663.45
2023-10-14,Social,564.77
2023-10-14,Email,118.03
2023-10-14,Affiliate,367.34
2023-10-14,Display,174.11
2023-10-15,Paid Search,872.92
2023-10-15,Social,464.76
2023-10-15,Email,133.6
2023-10-15,Affiliate,411.7
2023-10-15,Display,223.55
2023-10-16,Paid Search,580.35
2023-10-16,Social,567.57
2023-10-16,Email,140.9
2023-10-16,Affiliate,403.59
2023-10-16,Display,204.2
2023-10-17,Paid Search,671.86
2023-10-17,Social,545.93
2023-10-17,Email,87.83
2023-10-17,Affiliate,238.94
2023-10-17,Display,281.97
2023-10-18,Paid Search,1023.53
2023-10-18,Social,364.8
2023-10-18,Email,96.77
2023-10-18,Affiliate,60.77
2023-10-18,Display,314.87
2023-10-19,Paid Search,1068.85
2023-10-19,Social,509.56
2023-10-19,Email,62.26
2023-10-19,Affiliate,360.7
2023-10-19,Display,329.36
2023-10-20,Paid Search,555.96
2023-10-20,Social,612.07
2023-10-20,Email,84.96
2023-10-20,Affiliate,358.08
2023-10-20,Display,193.02
2023-10-21,Paid Search,788.8
2023-10-21,Social,491.74
2023-10-21,Email,108.31
2023-10-21,Affiliate,241.43
2023-10-21,Display,276.21
2023-10-22,Paid Search,1022.75
2023-10-22,Social,718.46
2023-10-22,Email,133.93
2023-10-22,Affiliate,316.99
2023-10-22,Display,170.99
2023-10-23,Paid Search,800.88
2023-10-23,Social,367.51
2023-10-23,Email,117.62
2023-10-23,Affiliate,135.68
2023-10-23,Display,204.51
2023-10-24,Paid Search,725.62
2023-10-24,Social,631.54
2023-10-24,Email,116.95
2023-10-24,Affiliate,280.25
2023-10-24,Display,281.28
2023-10-25,Paid Search,722.23
2023-10-25,Social,589.43
2023-10-25,Email,100.81
2023-10-25,Affiliate,251.84
2023-10-25,Display,291.47
2023-10-26,Paid Search,817.24
2023-10-26,Social,623.63
2023-10-26,Email,148.13
2023-10-26,Affiliate,343.9
2023-10-26,Display,256.61
2023-10-27,Paid Search,936.31
2023-10-27,Social,537.05
2023-10-27,Email,116.06
2023-10-27,Affiliate,219.47
2023-10-27,Display,276.92
2023-10-28,Paid Search,840.72
2023-10-28,Social,530.5
2023-10-28,Email,155.35
2023-10-28,Affiliate,333.44
2023-10-28,Display,211.84
2023-10-29,Paid Search,1203.35
2023-10-29,Social,473.05
2023-10-29,Email,144.02
2023-10-29,Affiliate,365.12
2023-10-29,Display,323.17
2023-10-30,Paid Search,1306.63
2023-10-30,Social,546.12
2023-10-30,Email,98.57
2023-10-30,Affiliate,374.67
2023-10-30,Display,320.71
2023-10-31,Paid Search,683.49
2023-10-31,Social,525.09
2023-10-31,Email,142.75
2023-10-31,Affiliate,302.89
2023-10-31,Display,366.99
2023-11-01,Paid Search,1606.29
2023-11-01,Social,786.49
2023-11-01,Email,221.53
2023-11-01,Affiliate,485.78
2023-11-01,Display,357.34
2023-11-02,Paid Search,1275.13
2023-11-02,Social,1047.13
2023-11-02,Email,230.93
2023-11-02,Affiliate,503.22
2023-11-02,Display,372.32
2023-11-03,Paid Search,1307.74
2023-11-03,Social,1051.35
2023-11-03,Email,246.88
2023-11-03,Affiliate,656.18
2023-11-03,Display,444.79
2023-11-04,Paid Search,1295.41
2023-11-04,Social,928.4
2023-11-04,Email,255.09
2023-11-04,Affiliate,711.81
2023-11-04,Display,485.48
2023-11-05,Paid Search,1586.17
2023-11-05,Social,1014.29
2023-11-05,Email,235.08
2023-11-05,Affiliate,578.82
2023-11-05,Display,383.99
2023-11-06,Paid Search,1673.31
2023-11-06,Social,980.77
2023-11-06,Email,215.76
2023-11-06,Affiliate,559.97
2023-11-06,Display,382.74
2023-11-07,Paid Search,1323.11
2023-11-07,Social,1068.15
2023-11-07,Email,244.24
2023-11-07,Affiliate,568.14
2023-11-07,Display,412.06
2023-11-08,Paid Search,1250.11
2023-11-08,Social,757.27
2023-11-08,Email,235.32
2023-11-08,Affiliate,538.13
2023-11-08,Display,460.87
2023-11-09,Paid Search,1435.88
2023-11-09,Social,881.2
2023-11-09,Email,201.03
2023-11-09,Affiliate,586.34
2023-11-09,Display,414.35
2023-11-10,Paid Search,1331.44
2023-11-10,Social,941.36
2023-11-10,Email,204.18
2023-11-10,Affiliate,463.05
2023-11-10,Display,526.08
2023-11-11,Paid Search,1285.79
2023-11-11,Social,913.41
2023-11-11,Email,187.42
2023-11-11,Affiliate,443.28
2023-11-11,Display,557.92
2023-11-12,Paid Search,1451.85
2023-11-12,Social,514.82
2023-11-12,Email,260.53
2023-11-12,Affiliate,449.88
2023-11-12,Display,394.92
2023-11-13,Paid Search,1625.35
2023-11-13,Social,906.22
2023-11-13,Email,261.49
2023-11-13,Affiliate,476.37
2023-11-13,Display,482.65
2023-11-14,Paid Search,1631.38
2023-11-14,Social,1088.32
2023-11-14,Email,218.19
2023-11-14,Affiliate,463.54
2023-11-14,Display,320.39
2023-11-15,Paid Search,1781.72
2023-11-15,Social,930.93
2023-11-15,Email,208.95
2023-11-15,Affiliate,573.08
2023-11-15,Display,425.7
2023-11-16,Paid Search,1494.53
2023-11-16,Social,1044.88
2023-11-16,Email,207.56
2023-11-16,Affiliate,433.89
2023-11-16,Display,452.3
2023-11-17,Paid Search,1471.24
2023-11-17,Social,864.58
2023-11-17,Email,249.55
2023-11-17,Affiliate,559.04
2023-11-17,Display,481.61
2023-11-18,Paid Search,1680.67
2023-11-18,Social,1037.89
2023-11-18,Email,230.94
2023-11-18,Affiliate,620.49
2023-11-18,Display,338.84
2023-11-19,Paid Search,1162.72
2023-11-19,Social,802.07
2023-11-19,Email,207.16
2023-11-19,Affiliate,497.58
2023-11-19,Display,496.11
2023-11-20,Paid Search,1502.25
2023-11-20,Social,825.38
2023-11-20,Email,162.33
2023-11-20,Affiliate,513.02
2023-11-20,Display,567.41
2023-11-21,Paid Search,1798.22
2023-11-21,Social,979.01
2023-11-21,Email,220.31
2023-11-21,Affiliate,611.03
2023-11-21,Display,450.42
2023-11-22,Paid Search,1269.62
2023-11-22,Social,834.53
2023-11-22,Email,201.91
2023-11-22,Affiliate,595.06
2023-11-22,Display,466.52
2023-11-23,Paid Search,1494.67
2023-11-23,Social,1153.42
2023-11-23,Email,226.94
2023-11-23,Affiliate,519.52
2023-11-23,Display,369.41
2023-11-24,Paid Search,1516.94
2023-11-24,Social,861.95
2023-11-24,Email,206.25
2023-11-24,Affiliate,422.38
2023-11-24,Display,383.99
2023-11-25,Paid Search,1795.19
2023-11-25,Social,997.15
2023-11-25,Email,207.82
2023-11-25,Affiliate,487.21
2023-11-25,Display,420.51
2023-11-26,Paid Search,1629.25
2023-11-26,Social,759.61
2023-11-26,Email,227.24
2023-11-26,Affiliate,609.16
2023-11-26,Display,450.49
2023-11-27,Paid Search,1347.25
2023-11-27,Social,1027.82
2023-11-27,Email,202.73
2023-11-27,Affiliate,531.95
2023-11-27,Display,444.92
2023-11-28,Paid Search,1428.56
2023-11-28,Social,955.49
2023-11-28,Email,188.55
2023-11-28,Affiliate,482.4
2023-11-28,Display,403.56
2023-11-29,Paid Search,1991.14
2023-11-29,Social,624.62
2023-11-29,Email,201.45
2023-11-29,Affiliate,486.3
2023-11-29,Display,438.78
2023-11-30,Paid Search,1279.73
2023-11-30,Social,1036.18
2023-11-30,Email,216.78
2023-11-30,Affiliate,616.1
2023-11-30,Display,318.34
2023-12-01,Paid Search,1223.09
2023-12-01,Social,805.43
2023-12-01,Email,259.65
2023-12-01,Affiliate,638.31
2023-12-01,Display,439.61
2023-12-02,Paid Search,1581.23
2023-12-02,Social,687.19
2023-12-02,Email,243.56
2023-12-02,Affiliate,541.99
2023-12-02,Display,474.68
2023-12-03,Paid Search,1459.02
2023-12-03,Social,985.82
2023-12-03,Email,221.72
2023-12-03,Affiliate,538.96
2023-12-03,Display,442.26
2023-12-04,Paid Search,1339.16
2023-12-04,Social,847.7
2023-12-04,Email,189.61
2023-12-04,Affiliate,590.47
2023-12-04,Display,530.48
2023-12-05,Paid Search,1349.79
2023-12-05,Social,763.26
2023-12-05,Email,188.11
2023-12-05,Affiliate,400.47
2023-12-05,Display,475.67
2023-12-06,Paid Search,1217.67
2023-12-06,Social,942.58
2023-12-06,Email,215.54
2023-12-06,Affiliate,526.14
2023-12-06,Display,424.46
2023-12-07,Paid Search,1445.33
2023-12-07,Social,1016.63
2023-12-07,Email,249.18
2023-12-07,Affiliate,467.62
2023-12-07,Display,463.44
2023-12-08,Paid Search,1235.95
2023-12-08,Social,909.17
2023-12-08,Email,99.5
2023-12-08,Affiliate,458.63
2023-12-08,Display,532.02
2023-12-09,Paid Search,824.23
2023-12-09,Social,1119.04
2023-12-09,Email,247.89
2023-12-09,Affiliate,554.29
2023-12-09,Display,545.52
2023-12-10,Paid Search,1174.58
2023-12-10,Social,780.95
2023-12-10,Email,222.53
2023-12-10,Affiliate,489.03
2023-12-10,Display,353.84
2023-12-11,Paid Search,1705.29
2023-12-11,Social,917.82
2023-12-11,Email,201.99
2023-12-11,Affiliate,574.04
2023-12-11,Display,443.58
2023-12-12,Paid Search,1540.4
2023-12-12,Social,929.38
2023-12-12,Email,163.77
2023-12-12,Affiliate,588.95
2023-12-12,Display,420.45
2023-12-13,Paid Search,1384.93
2023-12-13,Social,940.79
2023-12-13,Email,208.02
2023-12-13,Affiliate,432.65
2023-12-13,Display,484.65
2023-12-14,Paid Search,1582.83
2023-12-14,Social,760.07
2023-12-14,Email,179.13
2023-12-14,Affiliate,470.53
2023-12-14,Display,486.68
2023-12-15,Paid Search,1294.21
2023-12-15,Social,914.55
2023-12-15,Email,271.24
2023-12-15,Affiliate,551.95
2023-12-15,Display,441.65
2023-12-16,Paid Search,1332.63
2023-12-16,Social,1041.7
2023-12-16,Email,226.3
2023-12-16,Affiliate,517.51
2023-12-16,Display,381.35
2023-12-17,Paid Search,1139.87
2023-12-17,Social,988.96
2023-12-17,Email,209.61
2023-12-17,Affiliate,582.05
2023-12-17,Display,385.76
2023-12-18,Paid Search,1804.78
2023-12-18,Social,817.1
2023-12-18,Email,196.93
2023-12-18,Affiliate,595.95
2023-12-18,Display,508.87
2023-12-19,Paid Search,1178.37
2023-12-19,Social,702.06
2023-12-19,Email,217.65
2023-12-19,Affiliate,540.61
2023-12-19,Display,466.73
2023-12-20,Paid Search,1657.8
2023-12-20,Social,1031.63
2023-12-20,Email,189.2
2023-12-20,Affiliate,641.01
2023-12-20,Display,438.13
2023-12-21,Paid Search,1315.91
2023-12-21,Social,959.7
2023-12-21,Email,240.55
2023-12-21,Affiliate,554.44
2023-12-21,Display,505.4
2023-12-22,Paid Search,1378.43
2023-12-22,Social,1154.11
2023-12-22,Email,202.01
2023-12-22,Affiliate,575.31
2023-12-22,Display,453.31
2023-12-23,Paid Search,1494.21
2023-12-23,Social,789.8
2023-12-23,Email,226.65
2023-12-23,Affiliate,679.89
2023-12-23,Display,342.19
2023-12-24,Paid Search,1520.92
2023-12-24,Social,890.03
2023-12-24,Email,253.75
2023-12-24,Affiliate,659.15
2023-12-24,Display,441.16
2023-12-25,Paid Search,1452.11
2023-12-25,Social,1127.69
2023-12-25,Email,273.99
2023-12-25,Affiliate,704.27
2023-12-25,Display,412.79
2023-12-26,Paid Search,1315.56
2023-12-26,Social,1044.26
2023-12-26,Email,243.78
2023-12-26,Affiliate,551.3
2023-12-26,Display,536.82
2023-12-27,Paid Search,1231.92
2023-12-27,Social,826.1
2023-12-27,Email,206.93
2023-12-27,Affiliate,578.0
2023-12-27,Display,521.75
2023-12-28,Paid Search,1508.43
2023-12-28,Social,754.49
2023-12-28,Email,246.63
2023-12-28,Affiliate,566.96
2023-12-28,Display,453.32
2023-12-29,Paid Search,1229.69
2023-12-29,Social,810.03
2023-12-29,Email,199.04
2023-12-29,Affiliate,634.63
2023-12-29,Display,518.2
2023-12-30,Paid Search,1226.15
2023-12-30,Social,1028.75
2023-12-30,Email,228.65
2023-12-30,Affiliate,484.32
2023-12-30,Display,460.1
2023-12-31,Paid Search,1725.51
2023-12-31,Social,738.56
2023-12-31,Email,220.97
2023-12-31,Affiliate,473.65
2023-12-31,Display,486.61
2024-01-01,Paid Search,526.01
2024-01-01,Social,456.72
2024-01-01,Email,103.78
2024-01-01,Affiliate,291.7
2024-01-01,Display,230.67
2024-01-02,Paid Search,999.76
2024-01-02,Social,378.62
2024-01-02,Email,143.8
2024-01-02,Affiliate,322.43
2024-01-02,Display,291.15
2024-01-03,Paid Search,449.73
2024-01-03,Social,515.94
2024-01-03,Email,162.56
2024-01-03,Affiliate,325.89
2024-01-03,Display,271.58
2024-01-04,Paid Search,840.66
2024-01-04,Social,560.6
2024-01-04,Email,83.23
2024-01-04,Affiliate,258.03
2024-01-04,Display,154.39
2024-01-05,Paid Search,303.1
2024-01-05,Social,509.08
2024-01-05,Email,113.2
2024-01-05,Affiliate,301.19
2024-01-05,Display,261.52
2024-01-06,Paid Search,587.63
2024-01-06,Social,265.96
2024-01-06,Email,111.93
2024-01-06,Affiliate,261.15
2024-01-06,Display,333.12
2024-01-07,Paid Search,592.24
2024-01-07,Social,602.51
2024-01-07,Email,89.74
2024-01-07,Affiliate,258.18
2024-01-07,Display,204.2
2024-01-08,Paid Search,509.88
2024-01-08,Social,374.62
2024-01-08,Email,135.76
2024-01-08,Affiliate,324.46
2024-01-08,Display,268.52
2024-01-09,Paid Search,790.35
2024-01-09,Social,570.43
2024-01-09,Email,119.08
2024-01-09,Affiliate,277.83
2024-01-09,Display,233.32
2024-01-10,Paid Search,349.56
2024-01-10,Social,436.33
2024-01-10,Email,107.77
2024-01-10,Affiliate,254.15
2024-01-10,Display,188.99
2024-01-11,Paid Search,873.96
2024-01-11,Social,299.33
2024-01-11,Email,113.7
2024-01-11,Affiliate,312.75
2024-01-11,Display,167.65
2024-01-12,Paid Search,557.04
2024-01-12,Social,481.64
2024-01-12,Email,91.74
2024-01-12,Affiliate,181.15
2024-01-12,Display,241.13
2024-01-13,Paid Search,764.26
2024-01-13,Social,488.32
2024-01-13,Email,147.0
2024-01-13,Affiliate,350.62
2024-01-13,Display,201.27
2024-01-14,Paid Search,636.8
2024-01-14,Social,373.95
2024-01-14,Email,135.05
2024-01-14,Affiliate,330.19
2024-01-14,Display,274.35
2024-01-15,Paid Search,886.27
2024-01-15,Social,546.94
2024-01-15,Email,120.17
2024-01-15,Affiliate,432.02
2024-01-15,Display,216.07
2024-01-16,Paid Search,635.75
2024-01-16,Social,295.98
2024-01-16,Email,112.0
2024-01-16,Affiliate,259.6
2024-01-16,Display,287.37
2024-01-17,Paid Search,571.78
2024-01-17,Social,608.13
2024-01-17,Email,126.72
2024-01-17,Affiliate,227.77
2024-01-17,Display,282.93
2024-01-18,Paid Search,1059.17
2024-01-18,Social,368.71
2024-01-18,Email,154.02
2024-01-18,Affiliate,321.4
2024-01-18,Display,315.13
2024-01-19,Paid Search,784.72
2024-01-19,Social,450.77
2024-01-19,Email,134.53
2024-01-19,Affiliate,226.8
2024-01-19,Display,260.95
2024-01-20,Paid Search,744.7
2024-01-20,Social,389.49
2024-01-20,Email,62.4
2024-01-20,Affiliate,206.87
2024-01-20,Display,206.43
2024-01-21,Paid Search,893.53
2024-01-21,Social,360.19
2024-01-21,Email,102.48
2024-01-21,Affiliate,133.4
2024-01-21,Display,220.85
2024-01-22,Paid Search,391.46
2024-01-22,Social,613.45
2024-01-22,Email,111.25
2024-01-22,Affiliate,336.28
2024-01-22,Display,209.68
2024-01-23,Paid Search,1052.27
2024-01-23,Social,282.24
2024-01-23,Email,146.05
2024-01-23,Affiliate,294.31
2024-01-23,Display,246.31
2024-01-24,Paid Search,609.54
2024-01-24,Social,506.7
2024-01-24,Email,146.6
2024-01-24,Affiliate,209.59
2024-01-24,Display,161.91
2024-01-25,Paid Search,1036.79
2024-01-25,Social,479.13
2024-01-25,Email,65.42
2024-01-25,Affiliate,223.81
2024-01-25,Display,193.26
2024-01-26,Paid Search,812.57
2024-01-26,Social,348.88
2024-01-26,Email,126.57
2024-01-26,Affiliate,342.82
2024-01-26,Display,267.11
2024-01-27,Paid Search,802.29
2024-01-27,Social,560.68
2024-01-27,Email,107.92
2024-01-27,Affiliate,305.87
2024-01-27,Display,203.64
2024-01-28,Paid Search,402.88
2024-01-28,Social,459.15
2024-01-28,Email,129.44
2024-01-28,Affiliate,331.71
2024-01-28,Display,283.49
2024-01-29,Paid Search,485.33
2024-01-29,Social,557.18
2024-01-29,Email,164.07
2024-01-29,Affiliate,238.52
2024-01-29,Display,201.55
2024-01-30,Paid Search,1061.79
2024-01-30,Social,534.75
2024-01-30,Email,150.46
2024-01-30,Affiliate,263.81
2024-01-30,Display,336.68
2024-01-31,Paid Search,761.99
2024-01-31,Social,411.24
2024-01-31,Email,71.32
2024-01-31,Affiliate,145.4
2024-01-31,Display,320.78
2024-02-01,Paid Search,623.2
2024-02-01,Social,578.7
2024-02-01,Email,156.86
2024-02-01,Affiliate,361.01
2024-02-01,Display,208.35
2024-02-02,Paid Search,488.0
2024-02-02,Social,567.63
2024-02-02,Email,137.26
2024-02-02,Affiliate,395.95
2024-02-02,Display,151.18
2024-02-03,Paid Search,919.19
2024-02-03,Social,686.17
2024-02-03,Email,105.46
2024-02-03,Affiliate,419.63
2024-02-03,Display,254.14
2024-02-04,Paid Search,784.92
2024-02-04,Social,279.61
2024-02-04,Email,138.12
2024-02-04,Affiliate,291.57
2024-02-04,Display,314.11
2024-02-05,Paid Search,949.57
2024-02-05,Social,517.19
2024-02-05,Email,141.85
2024-02-05,Affiliate,164.29
2024-02-05,Display,236.03
2024-02-06,Paid Search,467.83
2024-02-06,Social,626.9
2024-02-06,Email,107.85
2024-02-06,Affiliate,310.21
2024-02-06,Display,362.15
2024-02-07,Paid Search,864.47
2024-02-07,Social,587.45
2024-02-07,Email,78.89
2024-02-07,Affiliate,335.44
2024-02-07,Display,206.79
2024-02-08,Paid Search,263.64
2024-02-08,Social,384.66
2024-02-08,Email,137.6
2024-02-08,Affiliate,154.12
2024-02-08,Display,279.99
2024-02-09,Paid Search,892.33
2024-02-09,Social,644.28
2024-02-09,Email,148.37
2024-02-09,Affiliate,264.88
2024-02-09,Display,227.94
2024-02-10,Paid Search,707.14
2024-02-10,Social,592.63
2024-02-10,Email,118.06
2024-02-10,Affiliate,295.53
2024-02-10,Display,293.76
2024-02-11,Paid Search,373.41
2024-02-11,Social,532.53
2024-02-11,Email,138.74
2024-02-11,Affiliate,186.65
2024-02-11,Display,311.71
2024-02-12,Paid Search,728.78
2024-02-12,Social,413.08
2024-02-12,Email,140.33
2024-02-12,Affiliate,275.33
2024-02-12,Display,361.59
2024-02-13,Paid Search,1282.63
2024-02-13,Social,777.74
2024-02-13,Email,88.71
2024-02-13,Affiliate,363.04
2024-02-13,Display,325.08
2024-02-14,Paid Search,514.99
2024-02-14,Social,225.77
2024-02-14,Email,129.01
2024-02-14,Affiliate,205.83
2024-02-14,Display,369.72
2024-02-15,Paid Search,805.23
2024-02-15,Social,493.89
2024-02-15,Email,129.39
2024-02-15,Affiliate,266.35
2024-02-15,Display,194.58
2024-02-16,Paid Search,657.15
2024-02-16,Social,444.41
2024-02-16,Email,120.18
2024-02-16,Affiliate,292.92
2024-02-16,Display,340.97
2024-02-17,Paid Search,894.76
2024-02-17,Social,395.79
2024-02-17,Email,118.75
2024-02-17,Affiliate,201.28
2024-02-17,Display,167.49
2024-02-18,Paid Search,1112.6
2024-02-18,Social,336.02
2024-02-18,Email,120.35
2024-02-18,Affiliate,323.36
2024-02-18,Display,215.88
2024-02-19,Paid Search,742.8
2024-02-19,Social,553.97
2024-02-19,Email,129.85
2024-02-19,Affiliate,358.98
2024-02-19,Display,213.65
2024-02-20,Paid Search,780.29
2024-02-20,Social,593.95
2024-02-20,Email,51.37
2024-02-20,Affiliate,415.13
2024-02-20,Display,411.57
2024-02-21,Paid Search,1125.32
2024-02-21,Social,456.54
2024-02-21,Email,117.15
2024-02-21,Affiliate,269.26
2024-02-21,Display,225.43
2024-02-22,Paid Search,777.05
2024-02-22,Social,443.83
2024-02-22,Email,76.23
2024-02-22,Affiliate,248.21
2024-02-22,Display,297.13
2024-02-23,Paid Search,1126.85
2024-02-23,Social,318.77
2024-02-23,Email,118.19
2024-02-23,Affiliate,223.32
2024-02-23,Display,172.07
2024-02-24,Paid Search,684.75
2024-02-24,Social,485.94
2024-02-24,Email,157.26
2024-02-24,Affiliate,172.49
2024-02-24,Display,232.2
2024-02-25,Paid Search,528.44
2024-02-25,Social,539.05
2024-02-25,Email,136.64
2024-02-25,Affiliate,308.58
2024-02-25,Display,240.46
2024-02-26,Paid Search,885.64
2024-02-26,Social,531.48
2024-02-26,Email,114.04
2024-02-26,Affiliate,216.89
2024-02-26,Display,216.93
2024-02-27,Paid Search,786.46
2024-02-27,Social,567.27
2024-02-27,Email,161.19
2024-02-27,Affiliate,312.84
2024-02-27,Display,367.33
2024-02-28,Paid Search,688.73
2024-02-28,Social,710.71
2024-02-28,Email,114.96
2024-02-28,Affiliate,299.42
2024-02-28,Display,220.87
2024-02-29,Paid Search,848.07
2024-02-29,Social,424.42
2024-02-29,Email,74.87
2024-02-29,Affiliate,206.1
2024-02-29,Display,328.71
2024-03-01,Paid Search,897.09
2024-03-01,Social,590.19
2024-03-01,Email,109.61
2024-03-01,Affiliate,406.72
2024-03-01,Display,220.9
2024-03-02,Paid Search,851.2
2024-03-02,Social,542.97
2024-03-02,Email,181.78
2024-03-02,Affiliate,233.74
2024-03-02,Display,308.84
2024-03-03,Paid Search,974.64
2024-03-03,Social,721.44
2024-03-03,Email,161.43
2024-03-03,Affiliate,222.11
2024-03-03,Display,340.57
2024-03-04,Paid Search,593.66
2024-03-04,Social,322.08
2024-03-04,Email,120.4
2024-03-04,Affiliate,143.51
2024-03-04,Display,248.29
2024-03-05,Paid Search,566.34
2024-03-05,Social,539.87
2024-03-05,Email,103.17
2024-03-05,Affiliate,169.27
2024-03-05,Display,265.31
2024-03-06,Paid Search,843.28
2024-03-06,Social,387.97
2024-03-06,Email,108.87
2024-03-06,Affiliate,236.32
2024-03-06,Display,194.04
2024-03-07,Paid Search,1125.17
2024-03-07,Social,531.83
2024-03-07,Email,187.57
2024-03-07,Affiliate,280.41
2024-03-07,Display,272.32
2024-03-08,Paid Search,727.69
2024-03-08,Social,431.2
2024-03-08,Email,156.11
2024-03-08,Affiliate,367.26
2024-03-08,Display,220.76
2024-03-09,Paid Search,901.8
2024-03-09,Social,306.96
2024-03-09,Email,105.92
2024-03-09,Affiliate,341.92
2024-03-09,Display,323.88
2024-03-10,Paid Search,1109.12
2024-03-10,Social,365.96
2024-03-10,Email,124.41
2024-03-10,Affiliate,344.07
2024-03-10,Display,224.11
2024-03-11,Paid Search,752.08
2024-03-11,Social,337.13
2024-03-11,Email,98.72
2024-03-11,Affiliate,246.36
2024-03-11,Display,238.85
2024-03-12,Paid Search,645.64
2024-03-12,Social,531.72
2024-03-12,Email,78.59
2024-03-12,Affiliate,269.75
2024-03-12,Display,189.13
2024-03-13,Paid Search,1091.46
2024-03-13,Social,380.41
2024-03-13,Email,82.89
2024-03-13,Affiliate,228.43
2024-03-13,Display,216.53
2024-03-14,Paid Search,837.92
2024-03-14,Social,433.01
2024-03-14,Email,172.96
2024-03-14,Affiliate,341.29
2024-03-14,Display,321.9
2024-03-16,Paid Search,679.33
2024-03-16,Social,673.47
2024-03-16,Email,170.93
2024-03-16,Affiliate,237.06
2024-03-16,Display,295.28
2024-03-17,Paid Search,736.25
2024-03-17,Social,519.98
2024-03-17,Email,122.43
2024-03-17,Affiliate,327.97
2024-03-17,Display,234.71
2024-03-18,Paid Search,847.08
2024-03-18,Social,457.6
2024-03-18,Email,145.57
2024-03-18,Affiliate,233.59
2024-03-18,Display,253.05
2024-03-19,Paid Search,1176.2
2024-03-19,Social,813.97
2024-03-19,Email,109.18
2024-03-19,Affiliate,210.85
2024-03-19,Display,182.76
2024-03-20,Paid Search,969.42
2024-03-20,Social,488.2
2024-03-20,Email,141.84
2024-03-20,Affiliate,299.05
2024-03-20,Display,264.49
2024-03-21,Paid Search,1028.24
2024-03-21,Social,505.23
2024-03-21,Email,94.59
2024-03-21,Affiliate,374.01
2024-03-21,Display,312.49
2024-03-22,Paid Search,477.34
2024-03-22,Social,473.96
2024-03-22,Email,119.14
2024-03-22,Affiliate,378.24
2024-03-22,Display,295.32
2024-03-23,Paid Search,598.15
2024-03-23,Social,368.49
2024-03-23,Email,126.51
2024-03-23,Affiliate,342.9
2024-03-23,Display,196.96
2024-03-24,Paid Search,684.42
2024-03-24,Social,736.95
2024-03-24,Email,119.8
2024-03-24,Affiliate,237.28
2024-03-24,Display,348.02
2024-03-25,Paid Search,546.53
2024-03-25,Social,398.18
2024-03-25,Email,112.47
2024-03-25,Affiliate,333.19
2024-03-25,Display,222.18
2024-03-26,Paid Search,881.03
2024-03-26,Social,262.21
2024-03-26,Email,151.45
2024-03-26,Affiliate,373.43
2024-03-26,Display,30.77
2024-03-27,Paid Search,502.51
2024-03-27,Social,424.72
2024-03-27,Email,88.2
2024-03-27,Affiliate,244.53
2024-03-27,Display,293.73
2024-03-28,Paid Search,750.74
2024-03-28,Social,374.04
2024-03-28,Email,122.29
2024-03-28,Affiliate,265.82
2024-03-28,Display,252.55
2024-03-29,Paid Search,1030.64
2024-03-29,Social,284.21
2024-03-29,Email,126.59
2024-03-29,Affiliate,89.92
2024-03-29,Display,205.79
2024-03-30,Paid Search,900.82
2024-03-30,Social,585.44
2024-03-30,Email,102.43
2024-03-30,Affiliate,300.73
2024-03-30,Display,224.61
2024-03-31,Paid Search,715.23
2024-03-31,Social,424.19
2024-03-31,Email,145.41
2024-03-31,Affiliate,178.14
2024-03-31,Display,271.38
2024-04-01,Paid Search,425.63
2024-04-01,Social,537.48
2024-04-01,Email,121.48
2024-04-01,Affiliate,287.87
2024-04-01,Display,422.52
2024-04-02,Paid Search,996.13
2024-04-02,Social,750.38
2024-04-02,Email,104.39
2024-04-02,Affiliate,107.92
2024-04-02,Display,212.94
2024-04-03,Paid Search,861.03
2024-04-03,Social,456.31
2024-04-03,Email,154.52
2024-04-03,Affiliate,345.82
2024-04-03,Display,269.56
2024-04-04,Paid Search,856.5
2024-04-04,Social,446.3
2024-04-04,Email,101.05
2024-04-04,Affiliate,178.45
2024-04-04,Display,281.92
2024-04-05,Paid Search,659.81
2024-04-05,Social,755.55
2024-04-05,Email,72.27
2024-04-05,Affiliate,146.25
2024-04-05,Display,335.75
2024-04-06,Paid Search,934.34
2024-04-06,Social,413.43
2024-04-06,Email,94.67
2024-04-06,Affiliate,204.34
2024-04-06,Display,287.53
2024-04-07,Paid Search,784.86
2024-04-07,Social,573.39
2024-04-07,Email,122.13
2024-04-07,Affiliate,241.94
2024-04-07,Display,195.31
2024-04-08,Paid Search,814.1
2024-04-08,Social,350.52
2024-04-08,Email,149.21
2024-04-08,Affiliate,228.28
2024-04-08,Display,296.01
2024-04-09,Paid Search,782.56
2024-04-09,Social,539.47
2024-04-09,Email,122.33
2024-04-09,Affiliate,230.81
2024-04-09,Display,247.13
2024-04-10,Paid Search,618.25
2024-04-10,Social,603.22
2024-04-10,Email,112.56
2024-04-10,Affiliate,311.14
2024-04-10,Display,312.2
2024-04-11,Paid Search,892.58
2024-04-11,Social,440.6
2024-04-11,Email,105.06
2024-04-11,Affiliate,410.17
2024-04-11,Display,303.73
2024-04-12,Paid Search,1300.59
2024-04-12,Social,576.9
2024-04-12,Email,153.65
2024-04-12,Affiliate,244.46
2024-04-12,Display,280.84
2024-04-13,Paid Search,742.05
2024-04-13,Social,258.68
2024-04-13,Email,82.44
2024-04-13,Affiliate,339.94
2024-04-13,Display,334.39
2024-04-14,Paid Search,799.11
2024-04-14,Social,733.42
2024-04-14,Email,124.3
2024-04-14,Affiliate,237.85
2024-04-14,Display,209.18
2024-04-15,Paid Search,1115.31
2024-04-15,Social,541.7
2024-04-15,Email,119.5
2024-04-15,Affiliate,292.71
2024-04-15,Display,355.69
2024-04-16,Paid Search,862.01
2024-04-16,Social,442.07
2024-04-16,Email,95.99
2024-04-16,Affiliate,289.67
2024-04-16,Display,221.46
2024-04-17,Paid Search,929.23
2024-04-17,Social,310.08
2024-04-17,Email,106.98
2024-04-17,Affiliate,208.55
2024-04-17,Display,188.84
2024-04-18,Paid Search,1085.62
2024-04-18,Social,457.55
2024-04-18,Email,90.78
2024-04-18,Affiliate,178.39
2024-04-18,Display,265.38
2024-04-19,Paid Search,705.3
2024-04-19,Social,644.26
2024-04-19,Email,152.63
2024-04-19,Affiliate,316.16
2024-04-19,Display,207.84
2024-04-20,Paid Search,962.85
2024-04-20,Social,505.14
2024-04-20,Email,123.67
2024-04-20,Affiliate,301.84
2024-04-20,Display,234.22
2024-04-21,Paid Search,569.08
2024-04-21,Social,605.39
2024-04-21,Email,144.48
2024-04-21,Affiliate,376.41
2024-04-21,Display,156.0
2024-04-22,Paid Search,992.78
2024-04-22,Social,482.28
2024-04-22,Email,123.9
2024-04-22,Affiliate,310.2
2024-04-22,Display,227.22
2024-04-23,Paid Search,1148.65
2024-04-23,Social,408.97
2024-04-23,Email,76.18
2024-04-23,Affiliate,206.82
2024-04-23,Display,212.21
2024-04-24,Paid Search,587.39
2024-04-24,Social,602.54
2024-04-24,Email,74.13
2024-04-24,Affiliate,135.12
2024-04-24,Display,273.6
2024-04-25,Paid Search,863.79
2024-04-25,Social,433.78
2024-04-25,Email,115.83
2024-04-25,Affiliate,204.29
2024-04-25,Display,222.3
2024-04-26,Paid Search,720.33
2024-04-26,Social,390.89
2024-04-26,Email,176.42
2024-04-26,Affiliate,355.12
2024-04-26,Display,283.43
2024-04-27,Paid Search,749.59
2024-04-27,Social,487.23
2024-04-27,Email,140.05
2024-04-27,Affiliate,286.99
2024-04-27,Display,336.03
2024-04-28,Paid Search,594.02
2024-04-28,Social,545.17
2024-04-28,Email,118.24
2024-04-28,Affiliate,167.49
2024-04-28,Display,240.44
2024-04-29,Paid Search,713.8
2024-04-29,Social,441.36
2024-04-29,Email,48.77
2024-04-29,Affiliate,359.61
2024-04-29,Display,259.99
2024-04-30,Paid Search,897.76
2024-04-30,Social,419.41
2024-04-30,Email,126.25
2024-04-30,Affiliate,239.28
2024-04-30,Display,187.02
2024-05-01,Paid Search,431.11
2024-05-01,Social,447.54
2024-05-01,Email,79.28
2024-05-01,Affiliate,264.62
2024-05-01,Display,142.96
2024-05-02,Paid Search,349.38
2024-05-02,Social,304.24
2024-05-02,Email,130.45
2024-05-02,Affiliate,263.92
2024-05-02,Display,280.99
2024-05-03,Paid Search,646.36
2024-05-03,Social,399.63
2024-05-03,Email,133.34
2024-05-03,Affiliate,360.11
2024-05-03,Display,287.85
2024-05-04,Paid Search,905.4
2024-05-04,Social,459.93
2024-05-04,Email,149.09
2024-05-04,Affiliate,281.96
2024-05-04,Display,200.93
2024-05-05,Paid Search,746.17
2024-05-05,Social,381.75
2024-05-05,Email,126.38
2024-05-05,Affiliate,458.21
2024-05-05,Display,241.1
2024-05-06,Paid Search,683.32
2024-05-06,Social,627.0
2024-05-06,Email,106.49
2024-05-06,Affiliate,226.78
2024-05-06,Display,296.19
2024-05-07,Paid Search,909.41
2024-05-07,Social,483.03
2024-05-07,Email,113.33
2024-05-07,Affiliate,221.2
2024-05-07,Display,257.56
2024-05-08,Paid Search,666.4
2024-05-08,Social,593.39
2024-05-08,Email,139.97
2024-05-08,Affiliate,256.52
2024-05-08,Display,273.1
2024-05-09,Paid Search,735.99
2024-05-09,Social,297.88
2024-05-09,Email,151.5
2024-05-09,Affiliate,264.82
2024-05-09,Display,155.5
2024-05-10,Paid Search,462.43
2024-05-10,Social,609.56
2024-05-10,Email,126.85
2024-05-10,Affiliate,190.18
2024-05-10,Display,192.05
2024-05-11,Paid Search,636.75
2024-05-11,Social,227.5
2024-05-11,Email,144.49
2024-05-11,Affiliate,306.28
2024-05-11,Display,236.0
2024-05-12,Paid Search,714.91
2024-05-12,Social,423.11
2024-05-12,Email,97.8
2024-05-12,Affiliate,372.88
2024-05-12,Display,274.31
2024-05-13,Paid Search,656.87
2024-05-13,Social,535.52
2024-05-13,Email,71.45
2024-05-13,Affiliate,259.46
2024-05-13,Display,242.41
2024-05-14,Paid Search,170.78
2024-05-14,Social,612.37
2024-05-14,Email,105.31
2024-05-14,Affiliate,353.89
2024-05-14,Display,164.25
2024-05-15,Paid Search,934.24
2024-05-15,Social,410.2
2024-05-15,Email,151.5
2024-05-15,Affiliate,395.27
2024-05-15,Display,223.19
2024-05-16,Paid Search,948.0
2024-05-16,Social,336.92
2024-05-16,Email,138.64
2024-05-16,Affiliate,263.77
2024-05-16,Display,224.22
2024-05-17,Paid Search,871.09
2024-05-17,Social,393.75
2024-05-17,Email,111.34
2024-05-17,Affiliate,314.58
2024-05-17,Display,226.76
2024-05-18,Paid Search,475.89
2024-05-18,Social,442.3
2024-05-18,Email,110.5
2024-05-18,Affiliate,405.5
2024-05-18,Display,282.16
2024-05-19,Paid Search,988.16
2024-05-19,Social,321.87
2024-05-19,Email,87.63
2024-05-19,Affiliate,258.99
2024-05-19,Display,212.76
2024-05-20,Paid Search,730.63
2024-05-20,Social,531.19
2024-05-20,Email,164.42
2024-05-20,Affiliate,254.44
2024-05-20,Display,239.25
2024-05-21,Paid Search,976.98
2024-05-21,Social,526.54
2024-05-21,Email,99.45
2024-05-21,Affiliate,229.49
2024-05-21,Display,233.69
2024-05-22,Paid Search,1024.94
2024-05-22,Social,608.78
2024-05-22,Email,104.89
2024-05-22,Affiliate,288.7
2024-05-22,Display,299.05
2024-05-23,Paid Search,1050.71
2024-05-23,Social,746.25
2024-05-23,Email,137.43
2024-05-23,Affiliate,233.85
2024-05-23,Display,221.76
2024-05-24,Paid Search,943.16
2024-05-24,Social,652.14
2024-05-24,Email,48.72
2024-05-24,Affiliate,301.21
2024-05-24,Display,295.96
2024-05-25,Paid Search,773.17
2024-05-25,Social,660.88
2024-05-25,Email,84.59
2024-05-25,Affiliate,193.07
2024-05-25,Display,345.98
2024-05-26,Paid Search,1021.08
2024-05-26,Social,535.31
2024-05-26,Email,98.31
2024-05-26,Affiliate,220.67
2024-05-26,Display,259.87
2024-05-27,Paid Search,1021.3
2024-05-27,Social,497.77
2024-05-27,Email,136.65
2024-05-27,Affiliate,288.1
2024-05-27,Display,187.91
2024-05-28,Paid Search,498.43
2024-05-28,Social,608.89
2024-05-28,Email,137.73
2024-05-28,Affiliate,321.28
2024-05-28,Display,287.52
2024-05-29,Paid Search,394.92
2024-05-29,Social,366.12
2024-05-29,Email,131.11
2024-05-29,Affiliate,440.38
2024-05-29,Display,239.74
2024-05-30,Paid Search,684.85
2024-05-30,Social,420.51
2024-05-30,Email,109.32
2024-05-30,Affiliate,373.35
2024-05-30,Display,293.1
2024-05-31,Paid Search,593.83
2024-05-31,Social,570.81
2024-05-31,Email,131.74
2024-05-31,Affiliate,436.16
2024-05-31,Display,234.36
2024-06-01,Paid Search,886.25
2024-06-01,Social,316.75
2024-06-01,Email,142.45
2024-06-01,Affiliate,288.16
2024-06-01,Display,287.48
2024-06-02,Paid Search,866.64
2024-06-02,Social,610.78
2024-06-02,Email,126.62
2024-06-02,Affiliate,367.24
2024-06-02,Display,347.34
2024-06-03,Paid Search,1059.67
2024-06-03,Social,390.62
2024-06-03,Email,139.4
2024-06-03,Affiliate,372.69
2024-06-03,Display,279.48
2024-06-04,Paid Search,830.78
2024-06-04,Social,452.65
2024-06-04,Email,114.37
2024-06-04,Affiliate,246.41
2024-06-04,Display,260.35
2024-06-05,Paid Search,1179.78
2024-06-05,Social,472.6
2024-06-05,Email,159.14
2024-06-05,Affiliate,358.9
2024-06-05,Display,249.76
2024-06-06,Paid Search,901.51
2024-06-06,Social,637.92
2024-06-06,Email,117.06
2024-06-06,Affiliate,223.84
2024-06-06,Display,154.42
2024-06-07,Paid Search,720.13
2024-06-07,Social,492.79
2024-06-07,Email,135.41
2024-06-07,Affiliate,347.27
2024-06-07,Display,211.24
2024-06-08,Paid Search,826.47
2024-06-08,Social,687.31
2024-06-08,Email,181.76
2024-06-08,Affiliate,458.2
2024-06-08,Display,291.92
2024-06-09,Paid Search,724.69
2024-06-09,Social,609.9
2024-06-09,Email,117.77
2024-06-09,Affiliate,434.93
2024-06-09,Display,264.92
2024-06-10,Paid Search,885.73
2024-06-10,Social,230.24
2024-06-10,Email,69.95
2024-06-10,Affiliate,389.32
2024-06-10,Display,261.63
2024-06-11,Paid Search,500.01
2024-06-11,Social,599.6
2024-06-11,Email,155.13
2024-06-11,Affiliate,215.88
2024-06-11,Display,331.58
2024-06-12,Paid Search,909.16
2024-06-12,Social,407.46
2024-06-12,Email,102.71
2024-06-12,Affiliate,390.86
2024-06-12,Display,263.2
2024-06-13,Paid Search,810.25
2024-06-13,Social,370.48
2024-06-13,Email,140.55
2024-06-13,Affiliate,209.45
2024-06-13,Display,399.34
2024-06-14,Paid Search,1298.14
2024-06-14,Social,680.05
2024-06-14,Email,129.95
2024-06-14,Affiliate,267.88
2024-06-14,Display,206.04
2024-06-15,Paid Search,800.64
2024-06-15,Social,363.97
2024-06-15,Email,176.7
2024-06-15,Affiliate,339.76
2024-06-15,Display,258.07
2024-06-16,Paid Search,803.97
2024-06-16,Social,456.99
2024-06-16,Email,139.67
2024-06-16,Affiliate,423.09
2024-06-16,Display,249.97
2024-06-17,Paid Search,753.05
2024-06-17,Social,429.21
2024-06-17,Email,111.67
2024-06-17,Affiliate,294.35
2024-06-17,Display,94.04
2024-06-18,Paid Search,876.0
2024-06-18,Social,357.33
2024-06-18,Email,134.62
2024-06-18,Affiliate,176.74
2024-06-18,Display,297.09
2024-06-19,Paid Search,970.85
2024-06-19,Social,378.54
2024-06-19,Email,147.28
2024-06-19,Affiliate,173.57
2024-06-19,Display,323.83
2024-06-20,Paid Search,719.09
2024-06-20,Social,569.55
2024-06-20,Email,122.58
2024-06-20,Affiliate,306.07
2024-06-20,Display,304.15
2024-06-21,Paid Search,715.42
2024-06-21,Social,565.89
2024-06-21,Email,118.51
2024-06-21,Affiliate,407.22
2024-06-21,Display,201.44
2024-06-22,Paid Search,1013.61
2024-06-22,Social,459.83
2024-06-22,Email,128.19
2024-06-22,Affiliate,258.85
2024-06-22,Display,156.13
2024-06-23,Paid Search,741.88
2024-06-23,Social,417.42
2024-06-23,Email,135.32
2024-06-23,Affiliate,252.93
2024-06-23,Display,179.78
2024-06-24,Paid Search,1171.02
2024-06-24,Social,523.52
2024-06-24,Email,139.52
2024-06-24,Affiliate,414.12
2024-06-24,Display,193.08
2024-06-25,Paid Search,601.82
2024-06-25,Social,742.58
2024-06-25,Email,112.23
2024-06-25,Affiliate,350.68
2024-06-25,Display,248.19
2024-06-26,Paid Search,878.4
2024-06-26,Social,532.27
2024-06-26,Email,144.24
2024-06-26,Affiliate,210.37
2024-06-26,Display,295.75
2024-06-27,Paid Search,672.07
2024-06-27,Social,614.29
2024-06-27,Email,64.11
2024-06-27,Affiliate,290.95
2024-06-27,Display,299.63
2024-06-28,Paid Search,667.2
2024-06-28,Social,654.94
2024-06-28,Email,97.6
2024-06-28,Affiliate,245.76
2024-06-28,Display,310.0
2024-06-29,Paid Search,774.07
2024-06-29,Social,664.69
2024-06-29,Email,126.05
2024-06-29,Affiliate,232.12
2024-06-29,Display,341.59
2024-06-30,Paid Search,913.01
2024-06-30,Social,482.05
2024-06-30,Email,112.4
2024-06-30,Affiliate,297.25
2024-06-30,Display,264.2
2024-07-01,Paid Search,688.52
2024-07-01,Social,651.84
2024-07-01,Email,156.4
2024-07-01,Affiliate,321.7
2024-07-01,Display,240.35
2024-07-02,Paid Search,808.52
2024-07-02,Social,433.84
2024-07-02,Email,126.87
2024-07-02,Affiliate,344.07
2024-07-02,Display,293.6
2024-07-03,Paid Search,814.66
2024-07-03,Social,447.63
2024-07-03,Email,86.34
2024-07-03,Affiliate,168.7
2024-07-03,Display,334.5
2024-07-04,Paid Search,1012.88
2024-07-04,Social,511.16
2024-07-04,Email,121.06
2024-07-04,Affiliate,187.13
2024-07-04,Display,377.75
2024-07-05,Paid Search,939.96
2024-07-05,Social,500.32
2024-07-05,Email,162.86
2024-07-05,Affiliate,162.74
2024-07-05,Display,224.73
2024-07-06,Paid Search,787.99
2024-07-06,Social,431.6
2024-07-06,Email,190.02
2024-07-06,Affiliate,242.01
2024-07-06,Display,253.98
2024-07-07,Paid Search,1224.92
2024-07-07,Social,694.17
2024-07-07,Email,103.51
2024-07-07,Affiliate,245.02
2024-07-07,Display,175.3
2024-07-08,Paid Search,1135.4
2024-07-08,Social,491.76
2024-07-08,Email,79.41
2024-07-08,Affiliate,228.41
2024-07-08,Display,162.55
2024-07-09,Paid Search,527.11
2024-07-09,Social,600.45
2024-07-09,Email,100.24
2024-07-09,Affiliate,169.61
2024-07-09,Display,271.72
2024-07-10,Paid Search,692.27
2024-07-10,Social,500.48
2024-07-10,Email,107.62
2024-07-10,Affiliate,282.08
2024-07-10,Display,275.26
2024-07-11,Paid Search,997.9
2024-07-11,Social,671.62
2024-07-11,Email,106.09
2024-07-11,Affiliate,293.05
2024-07-11,Display,256.47
2024-07-12,Paid Search,987.26
2024-07-12,Social,544.52
2024-07-12,Email,99.31
2024-07-12,Affiliate,300.95
2024-07-12,Display,328.85
2024-07-13,Paid Search,748.14
2024-07-13,Social,500.66
2024-07-13,Email,124.36
2024-07-13,Affiliate,191.09
2024-07-13,Display,268.74
2024-07-14,Paid Search,812.71
2024-07-14,Social,682.1
2024-07-14,Email,135.25
2024-07-14,Affiliate,189.52
2024-07-14,Display,347.54
2024-07-15,Paid Search,903.28
2024-07-15,Social,234.01
2024-07-15,Email,117.74
2024-07-15,Affiliate,241.38
2024-07-15,Display,177.89
2024-07-16,Paid Search,958.1
2024-07-16,Social,375.01
2024-07-16,Email,100.46
2024-07-16,Affiliate,362.73
2024-07-16,Display,240.12
2024-07-17,Paid Search,652.43
2024-07-17,Social,415.03
2024-07-17,Email,126.77
2024-07-17,Affiliate,339.8
2024-07-17,Display,219.3
2024-07-18,Paid Search,746.6
2024-07-18,Social,544.07
2024-07-18,Email,132.4
2024-07-18,Affiliate,160.38
2024-07-18,Display,299.57
2024-07-19,Paid Search,944.27
2024-07-19,Social,302.92
2024-07-19,Email,123.26
2024-07-19,Affiliate,359.3
2024-07-19,Display,175.68
2024-07-20,Paid Search,964.97
2024-07-20,Social,548.54
2024-07-20,Email,103.65
2024-07-20,Affiliate,350.75
2024-07-20,Display,283.61
2024-07-21,Paid Search,421.0
2024-07-21,Social,416.77
2024-07-21,Email,121.87
2024-07-21,Affiliate,376.92
2024-07-21,Display,299.45
2024-07-22,Paid Search,937.5
2024-07-22,Social,656.49
2024-07-22,Email,138.85
2024-07-22,Affiliate,239.25
2024-07-22,Display,147.45
2024-07-23,Paid Search,490.48
2024-07-23,Social,422.64
2024-07-23,Email,145.38
2024-07-23,Affiliate,300.75
2024-07-23,Display,323.81
2024-07-24,Paid Search,650.81
2024-07-24,Social,455.48
2024-07-24,Email,157.27
2024-07-24,Affiliate,321.35
2024-07-24,Display,283.17
2024-07-25,Paid Search,819.77
2024-07-25,Social,511.56
2024-07-25,Email,50.4
2024-07-25,Affiliate,245.5
2024-07-25,Display,305.97
2024-07-26,Paid Search,782.32
2024-07-26,Social,562.89
2024-07-26,Email,92.68
2024-07-26,Affiliate,298.7
2024-07-26,Display,258.09
2024-07-27,Paid Search,908.65
2024-07-27,Social,437.09
2024-07-27,Email,139.88
2024-07-27,Affiliate,352.81
2024-07-27,Display,79.03
2024-07-28,Paid Search,1194.66
2024-07-28,Social,713.54
2024-07-28,Email,127.36
2024-07-28,Affiliate,246.11
2024-07-28,Display,311.64
2024-07-29,Paid Search,991.43
2024-07-29,Social,571.42
2024-07-29,Email,141.11
2024-07-29,Affiliate,386.13
2024-07-29,Display,286.57
2024-07-30,Paid Search,991.04
2024-07-30,Social,648.61
2024-07-30,Email,118.14
2024-07-30,Affiliate,300.13
2024-07-30,Display,238.87
2024-07-31,Paid Search,506.07
2024-07-31,Social,566.18
2024-07-31,Email,143.4
2024-07-31,Affiliate,231.2
2024-07-31,Display,245.7
2024-08-01,Paid Search,592.46
2024-08-01,Social,584.38
2024-08-01,Email,110.04
2024-08-01,Affiliate,96.44
2024-08-01,Display,289.79
2024-08-02,Paid Search,707.88
2024-08-02,Social,436.78
2024-08-02,Email,119.3
2024-08-02,Affiliate,374.71
2024-08-02,Display,209.82
2024-08-03,Paid Search,906.92
2024-08-03,Social,188.13
2024-08-03,Email,159.49
2024-08-03,Affiliate,310.47
2024-08-03,Display,246.25
2024-08-04,Paid Search,573.95
2024-08-04,Social,341.31
2024-08-04,Email,111.87
2024-08-04,Affiliate,407.57
2024-08-04,Display,213.11
2024-08-05,Paid Search,745.62
2024-08-05,Social,446.41
2024-08-05,Email,103.43
2024-08-05,Affiliate,219.62
2024-08-05,Display,199.77
2024-08-06,Paid Search,612.29
2024-08-06,Social,731.65
2024-08-06,Email,102.61
2024-08-06,Affiliate,161.42
2024-08-06,Display,222.84
2024-08-07,Paid Search,884.09
2024-08-07,Social,689.2
2024-08-07,Email,90.28
2024-08-07,Affiliate,315.48
2024-08-07,Display,292.1
2024-08-08,Paid Search,913.22
2024-08-08,Social,319.68
2024-08-08,Email,157.58
2024-08-08,Affiliate,231.51
2024-08-08,Display,304.78
2024-08-09,Paid Search,1139.03
2024-08-09,Social,428.4
2024-08-09,Email,157.54
2024-08-09,Affiliate,331.58
2024-08-09,Display,206.36
2024-08-10,Paid Search,330.6
2024-08-10,Social,566.88
2024-08-10,Email,98.82
2024-08-10,Affiliate,285.84
2024-08-10,Display,252.81
2024-08-11,Paid Search,794.12
2024-08-11,Social,402.34
2024-08-11,Email,124.86
2024-08-11,Affiliate,91.75
2024-08-11,Display,336.29
2024-08-12,Paid Search,944.32
2024-08-12,Social,675.08
2024-08-12,Email,100.87
2024-08-12,Affiliate,366.16
2024-08-12,Display,354.34
2024-08-13,Paid Search,828.92
2024-08-13,Social,632.04
2024-08-13,Email,178.28
2024-08-13,Affiliate,326.42
2024-08-13,Display,261.92
2024-08-14,Paid Search,1014.98
2024-08-14,Social,546.46
2024-08-14,Email,77.04
2024-08-14,Affiliate,315.03
2024-08-14,Display,264.85
2024-08-15,Paid Search,853.29
2024-08-15,Social,593.85
2024-08-15,Email,119.29
2024-08-15,Affiliate,277.76
2024-08-15,Display,270.1
2024-08-16,Paid Search,760.38
2024-08-16,Social,501.38
2024-08-16,Email,147.84
2024-08-16,Affiliate,374.15
2024-08-16,Display,243.28
2024-08-17,Paid Search,930.58
2024-08-17,Social,389.71
2024-08-17,Email,101.94
2024-08-17,Affiliate,231.04
2024-08-17,Display,283.83
2024-08-18,Paid Search,681.66
2024-08-18,Social,484.36
2024-08-18,Email,111.52
2024-08-18,Affiliate,256.25
2024-08-18,Display,33.92
2024-08-19,Paid Search,917.36
2024-08-19,Social,536.87
2024-08-19,Email,120.41
2024-08-19,Affiliate,171.07
2024-08-19,Display,232.8
2024-08-20,Paid Search,864.48
2024-08-20,Social,439.25
2024-08-20,Email,114.36
2024-08-20,Affiliate,281.33
2024-08-20,Display,308.11
2024-08-21,Paid Search,649.42
2024-08-21,Social,426.36
2024-08-21,Email,112.03
2024-08-21,Affiliate,308.27
2024-08-21,Display,168.17
2024-08-22,Paid Search,1111.53
2024-08-22,Social,785.42
2024-08-22,Email,141.5
2024-08-22,Affiliate,402.33
2024-08-22,Display,144.92
2024-08-23,Paid Search,1003.51
2024-08-23,Social,269.03
2024-08-23,Email,108.08
2024-08-23,Affiliate,353.8
2024-08-23,Display,289.3
2024-08-24,Paid Search,883.59
2024-08-24,Social,272.22
2024-08-24,Email,136.51
2024-08-24,Affiliate,346.59
2024-08-24,Display,155.21
2024-08-25,Paid Search,751.74
2024-08-25,Social,313.51
2024-08-25,Email,105.02
2024-08-25,Affiliate,260.28
2024-08-25,Display,163.93
2024-08-26,Paid Search,853.02
2024-08-26,Social,473.32
2024-08-26,Email,155.83
2024-08-26,Affiliate,280.96
2024-08-26,Display,201.88
2024-08-27,Paid Search,605.49
2024-08-27,Social,612.14
2024-08-27,Email,126.12
2024-08-27,Affiliate,346.2
2024-08-27,Display,312.35
2024-08-28,Paid Search,845.44
2024-08-28,Social,596.12
2024-08-28,Email,111.49
2024-08-28,Affiliate,353.28
2024-08-28,Display,221.28
2024-08-29,Paid Search,477.55
2024-08-29,Social,271.13
2024-08-29,Email,130.24
2024-08-29,Affiliate,369.9
2024-08-29,Display,264.35
2024-08-30,Paid Search,531.04
2024-08-30,Social,541.51
2024-08-30,Email,67.21
2024-08-30,Affiliate,184.24
2024-08-30,Display,153.2
2024-08-31,Paid Search,739.44
2024-08-31,Social,756.94
2024-08-31,Email,88.0
2024-08-31,Affiliate,410.1
2024-08-31,Display,302.87
2024-09-01,Paid Search,918.57
2024-09-01,Social,605.5
2024-09-01,Email,148.78
2024-09-01,Affiliate,424.92
2024-09-01,Display,157.93
2024-09-02,Paid Search,702.0
2024-09-02,Social,594.28
2024-09-02,Email,106.86
2024-09-02,Affiliate,347.15
2024-09-02,Display,230.42
2024-09-03,Paid Search,760.44
2024-09-03,Social,696.72
2024-09-03,Email,103.2
2024-09-03,Affiliate,356.56
2024-09-03,Display,249.71
2024-09-04,Paid Search,588.31
2024-09-04,Social,373.14
2024-09-04,Email,163.64
2024-09-04,Affiliate,422.91
2024-09-04,Display,237.37
2024-09-05,Paid Search,575.47
2024-09-05,Social,483.32
2024-09-05,Email,144.72
2024-09-05,Affiliate,425.04
2024-09-05,Display,149.9
2024-09-06,Paid Search,1103.43
2024-09-06,Social,564.93
2024-09-06,Email,107.73
2024-09-06,Affiliate,307.06
2024-09-06,Display,335.89
2024-09-07,Paid Search,773.15
2024-09-07,Social,533.94
2024-09-07,Email,80.79
2024-09-07,Affiliate,283.86
2024-09-07,Display,260.87
2024-09-08,Paid Search,909.32
2024-09-08,Social,463.64
2024-09-08,Email,115.71
2024-09-08,Affiliate,277.15
2024-09-08,Display,251.9
2024-09-09,Paid Search,675.92
2024-09-09,Social,409.69
2024-09-09,Email,148.29
2024-09-09,Affiliate,362.59
2024-09-09,Display,377.45
2024-09-10,Paid Search,813.65
2024-09-10,Social,527.24
2024-09-10,Email,142.21
2024-09-10,Affiliate,188.83
2024-09-10,Display,224.8
2024-09-11,Paid Search,617.37
2024-09-11,Social,465.94
2024-09-11,Email,144.78
2024-09-11,Affiliate,196.8
2024-09-11,Display,286.45
2024-09-12,Paid Search,934.45
2024-09-12,Social,279.83
2024-09-12,Email,93.33
2024-09-12,Affiliate,376.26
2024-09-12,Display,361.66
2024-09-13,Paid Search,735.23
2024-09-13,Social,487.19
2024-09-13,Email,103.44
2024-09-13,Affiliate,182.49
2024-09-13,Display,375.7
2024-09-14,Paid Search,676.89
2024-09-14,Social,508.76
2024-09-14,Email,94.55
2024-09-14,Affiliate,152.01
2024-09-14,Display,284.22
2024-09-15,Paid Search,624.85
2024-09-15,Social,573.48
2024-09-15,Email,133.92
2024-09-15,Affiliate,359.61
2024-09-15,Display,312.14
2024-09-16,Paid Search,825.24
2024-09-16,Social,550.35
2024-09-16,Email,133.02
2024-09-16,Affiliate,260.09
2024-09-16,Display,245.43
2024-09-17,Paid Search,1019.25
2024-09-17,Social,440.63
2024-09-17,Email,98.22
2024-09-17,Affiliate,301.47
2024-09-17,Display,190.11
2024-09-18,Paid Search,651.41
2024-09-18,Social,407.04
2024-09-18,Email,112.25
2024-09-18,Affiliate,384.43
2024-09-18,Display,233.84
2024-09-19,Paid Search,1008.72
2024-09-19,Social,688.55
2024-09-19,Email,114.86
2024-09-19,Affiliate,383.5
2024-09-19,Display,308.07
2024-09-20,Paid Search,656.71
2024-09-20,Social,373.76
2024-09-20,Email,157.73
2024-09-20,Affiliate,312.48
2024-09-20,Display,298.5
2024-09-21,Paid Search,1099.91
2024-09-21,Social,473.24
2024-09-21,Email,119.96
2024-09-21,Affiliate,181.26
2024-09-21,Display,269.85
2024-09-22,Paid Search,1062.46
2024-09-22,Social,561.74
2024-09-22,Email,94.39
2024-09-22,Affiliate,303.75
2024-09-22,Display,267.19
2024-09-23,Paid Search,836.3
2024-09-23,Social,714.97
2024-09-23,Email,106.04
2024-09-23,Affiliate,258.94
2024-09-23,Display,273.02
2024-09-24,Paid Search,1084.59
2024-09-24,Social,752.25
2024-09-24,Email,133.23
2024-09-24,Affiliate,275.76
2024-09-24,Display,201.45
2024-09-25,Paid Search,627.73
2024-09-25,Social,707.32
2024-09-25,Email,160.76
2024-09-25,Affiliate,204.74
2024-09-25,Display,294.72
2024-09-26,Paid Search,721.92
2024-09-26,Social,621.17
2024-09-26,Email,127.3
2024-09-26,Affiliate,241.81
2024-09-26,Display,329.76
2024-09-27,Paid Search,787.42
2024-09-27,Social,626.38
2024-09-27,Email,96.7
2024-09-27,Affiliate,290.08
2024-09-27,Display,125.65
2024-09-28,Paid Search,569.95
2024-09-28,Social,433.91
2024-09-28,Email,65.65
2024-09-28,Affiliate,442.51
2024-09-28,Display,260.47
2024-09-29,Paid Search,758.73
2024-09-29,Social,465.16
2024-09-29,Email,128.78
2024-09-29,Affiliate,345.72
2024-09-29,Display,354.26
2024-09-30,Paid Search,926.47
2024-09-30,Social,501.88
2024-09-30,Email,119.28
2024-09-30,Affiliate,364.27
2024-09-30,Display,219.88
2024-10-01,Paid Search,667.53
2024-10-01,Social,510.63
2024-10-01,Email,151.27
2024-10-01,Affiliate,252.29
2024-10-01,Display,297.72
2024-10-02,Paid Search,598.22
2024-10-02,Social,304.0
2024-10-02,Email,174.58
2024-10-02,Affiliate,238.58
2024-10-02,Display,322.23
2024-10-03,Paid Search,939.46
2024-10-03,Social,719.58
2024-10-03,Email,78.36
2024-10-03,Affiliate,212.01
2024-10-03,Display,228.59
2024-10-04,Paid Search,346.87
2024-10-04,Social,434.38
2024-10-04,Email,151.64
2024-10-04,Affiliate,360.24
2024-10-04,Display,225.37
2024-10-05,Paid Search,563.58
2024-10-05,Social,276.86
2024-10-05,Email,110.12
2024-10-05,Affiliate,352.2
2024-10-05,Display,259.36
2024-10-06,Paid Search,901.6
2024-10-06,Social,650.12
2024-10-06,Email,111.22
2024-10-06,Affiliate,274.06
2024-10-06,Display,271.71
2024-10-07,Paid Search,1004.0
2024-10-07,Social,286.83
2024-10-07,Email,115.01
2024-10-07,Affiliate,308.92
2024-10-07,Display,167.11
2024-10-08,Paid Search,1057.62
2024-10-08,Social,466.8
2024-10-08,Email,83.11
2024-10-08,Affiliate,330.15
2024-10-08,Display,243.98
2024-10-09,Paid Search,618.36
2024-10-09,Social,568.3
2024-10-09,Email,71.33
2024-10-09,Affiliate,279.72
2024-10-09,Display,244.41
2024-10-10,Paid Search,755.14
2024-10-10,Social,660.14
2024-10-10,Email,164.17
2024-10-10,Affiliate,439.45
2024-10-10,Display,189.34
2024-10-11,Paid Search,625.47
2024-10-11,Social,368.73
2024-10-11,Email,119.45
2024-10-11,Affiliate,214.23
2024-10-11,Display,256.55
2024-10-12,Paid Search,461.39
2024-10-12,Social,319.47
2024-10-12,Email,110.81
2024-10-12,Affiliate,302.26
2024-10-12,Display,136.01
2024-10-13,Paid Search,861.96
2024-10-13,Social,722.84
2024-10-13,Email,197.55
2024-10-13,Affiliate,305.95
2024-10-13,Display,222.06
2024-10-14,Paid Search,862.52
2024-10-14,Social,622.56
2024-10-14,Email,143.35
2024-10-14,Affiliate,432.08
2024-10-14,Display,224.03
2024-10-15,Paid Search,726.2
2024-10-15,Social,498.29
2024-10-15,Email,58.92
2024-10-15,Affiliate,254.58
2024-10-15,Display,219.56
2024-10-16,Paid Search,707.65
2024-10-16,Social,532.74
2024-10-16,Email,150.08
2024-10-16,Affiliate,436.52
2024-10-16,Display,192.44
2024-10-17,Paid Search,839.79
2024-10-17,Social,469.42
2024-10-17,Email,121.94
2024-10-17,Affiliate,277.66
2024-10-17,Display,218.77
2024-10-18,Paid Search,726.72
2024-10-18,Social,415.1
2024-10-18,Email,131.42
2024-10-18,Affiliate,331.79
2024-10-18,Display,142.96
2024-10-19,Paid Search,582.49
2024-10-19,Social,501.0
2024-10-19,Email,94.93
2024-10-19,Affiliate,244.17
2024-10-19,Display,318.24
2024-10-20,Paid Search,847.23
2024-10-20,Social,590.97
2024-10-20,Email,91.56
2024-10-20,Affiliate,400.97
2024-10-20,Display,196.91
2024-10-21,Paid Search,397.55
2024-10-21,Social,501.41
2024-10-21,Email,115.71
2024-10-21,Affiliate,218.79
2024-10-21,Display,258.15
2024-10-22,Paid Search,684.58
2024-10-22,Social,629.69
2024-10-22,Email,100.97
2024-10-22,Affiliate,287.44
2024-10-22,Display,143.69
2024-10-23,Paid Search,972.04
2024-10-23,Social,591.88
2024-10-23,Email,111.93
2024-10-23,Affiliate,224.81
2024-10-23,Display,198.19
2024-10-24,Paid Search,775.19
2024-10-24,Social,419.7
2024-10-24,Email,121.27
2024-10-24,Affiliate,326.82
2024-10-24,Display,305.67
2024-10-25,Paid Search,674.13
2024-10-25,Social,388.31
2024-10-25,Email,117.64
2024-10-25,Affiliate,307.53
2024-10-25,Display,155.94
2024-10-26,Paid Search,598.85
2024-10-26,Social,556.99
2024-10-26,Email,83.24
2024-10-26,Affiliate,354.82
2024-10-26,Display,359.9
2024-10-27,Paid Search,814.66
2024-10-27,Social,461.03
2024-10-27,Email,158.06
2024-10-27,Affiliate,289.79
2024-10-27,Display,270.84
2024-10-28,Paid Search,703.28
2024-10-28,Social,817.94
2024-10-28,Email,87.77
2024-10-28,Affiliate,298.88
2024-10-28,Display,178.31
2024-10-29,Paid Search,845.65
2024-10-29,Social,587.88
2024-10-29,Email,93.78
2024-10-29,Affiliate,210.45
2024-10-29,Display,176.59
2024-10-30,Paid Search,828.79
2024-10-30,Social,571.1
2024-10-30,Email,129.39
2024-10-30,Affiliate,312.31
2024-10-30,Display,262.77
2024-10-31,Paid Search,939.66
2024-10-31,Social,531.42
2024-10-31,Email,107.66
2024-10-31,Affiliate,299.11
2024-10-31,Display,239.82
2024-11-01,Paid Search,1279.52
2024-11-01,Social,837.62
2024-11-01,Email,175.04
2024-11-01,Affiliate,521.81
2024-11-01,Display,439.19
2024-11-02,Paid Search,1488.45
2024-11-02,Social,732.99
2024-11-02,Email,179.21
2024-11-02,Affiliate,604.39
2024-11-02,Display,512.98
2024-11-03,Paid Search,1231.63
2024-11-03,Social,863.96
2024-11-03,Email,180.23
2024-11-03,Affiliate,620.24
2024-11-03,Display,476.51
2024-11-04,Paid Search,1439.55
2024-11-04,Social,819.99
2024-11-04,Email,245.91
2024-11-04,Affiliate,570.22
2024-11-04,Display,530.74
2024-11-05,Paid Search,1602.29
2024-11-05,Social,861.27
2024-11-05,Email,167.39
2024-11-05,Affiliate,538.43
2024-11-05,Display,469.54
2024-11-06,Paid Search,1383.7
2024-11-06,Social,823.41
2024-11-06,Email,221.35
2024-11-06,Affiliate,567.62
2024-11-06,Display,383.88
2024-11-07,Paid Search,1303.21
2024-11-07,Social,779.52
2024-11-07,Email,189.93
2024-11-07,Affiliate,648.19
2024-11-07,Display,440.84
2024-11-08,Paid Search,1155.49
2024-11-08,Social,1014.73
2024-11-08,Email,192.03
2024-11-08,Affiliate,526.29
2024-11-08,Display,499.67
2024-11-09,Paid Search,1497.83
2024-11-09,Social,1048.2
2024-11-09,Email,159.11
2024-11-09,Affiliate,562.8
2024-11-09,Display,493.0
2024-11-10,Paid Search,1504.94
2024-11-10,Social,682.02
2024-11-10,Email,226.89
2024-11-10,Affiliate,416.61
2024-11-10,Display,500.35
2024-11-11,Paid Search,1506.9
2024-11-11,Social,1180.36
2024-11-11,Email,177.07
2024-11-11,Affiliate,354.87
2024-11-11,Display,319.12
2024-11-12,Paid Search,1627.86
2024-11-12,Social,683.14
2024-11-12,Email,202.92
2024-11-12,Affiliate,491.93
2024-11-12,Display,521.44
2024-11-13,Paid Search,1446.34
2024-11-13,Social,985.37
2024-11-13,Email,210.49
2024-11-13,Affiliate,525.72
2024-11-13,Display,436.03
2024-11-14,Paid Search,1530.88
2024-11-14,Social,849.54
2024-11-14,Email,244.91
2024-11-14,Affiliate,539.89
2024-11-14,Display,421.03
2024-11-15,Paid Search,1458.54
2024-11-15,Social,939.57
2024-11-15,Email,232.68
2024-11-15,Affiliate,476.55
2024-11-15,Display,494.45
2024-11-16,Paid Search,1377.78
2024-11-16,Social,1110.54
2024-11-16,Email,217.34
2024-11-16,Affiliate,511.34
2024-11-16,Display,441.13
2024-11-17,Paid Search,1668.19
2024-11-17,Social,1026.59
2024-11-17,Email,245.01
2024-11-17,Affiliate,391.08
2024-11-17,Display,410.44
2024-11-18,Paid Search,1367.55
2024-11-18,Social,1026.03
2024-11-18,Email,183.25
2024-11-18,Affiliate,532.73
2024-11-18,Display,372.71
2024-11-19,Paid Search,1425.74
2024-11-19,Social,939.12
2024-11-19,Email,240.11
2024-11-19,Affiliate,609.81
2024-11-19,Display,433.2
2024-11-20,Paid Search,1064.22
2024-11-20,Social,806.25
2024-11-20,Email,180.14
2024-11-20,Affiliate,608.53
2024-11-20,Display,505.98
2024-11-21,Paid Search,1550.48
2024-11-21,Social,1194.69
2024-11-21,Email,205.58
2024-11-21,Affiliate,694.73
2024-11-21,Display,377.91
2024-11-22,Paid Search,1571.27
2024-11-22,Social,901.22
2024-11-22,Email,222.07
2024-11-22,Affiliate,525.8
2024-11-22,Display,361.47
2024-11-23,Paid Search,1617.99
2024-11-23,Social,799.21
2024-11-23,Email,267.02
2024-11-23,Affiliate,508.61
2024-11-23,Display,472.56
2024-11-24,Paid Search,1630.38
2024-11-24,Social,1197.11
2024-11-24,Email,210.65
2024-11-24,Affiliate,422.7
2024-11-24,Display,412.24
2024-11-25,Paid Search,1564.44
2024-11-25,Social,900.82
2024-11-25,Email,246.76
2024-11-25,Affiliate,540.89
2024-11-25,Display,466.49
2024-11-26,Paid Search,1610.48
2024-11-26,Social,945.42
2024-11-26,Email,188.88
2024-11-26,Affiliate,538.54
2024-11-26,Display,472.13
2024-11-27,Paid Search,1269.7
2024-11-27,Social,724.96
2024-11-27,Email,173.61
2024-11-27,Affiliate,478.94
2024-11-27,Display,514.88
2024-11-28,Paid Search,1280.36
2024-11-28,Social,781.59
2024-11-28,Email,214.75
2024-11-28,Affiliate,498.6
2024-11-28,Display,422.18
2024-11-29,Paid Search,1773.14
2024-11-29,Social,1023.74
2024-11-29,Email,198.37
2024-11-29,Affiliate,733.44
2024-11-29,Display,428.67
2024-11-30,Paid Search,1830.21
2024-11-30,Social,573.2
2024-11-30,Email,220.14
2024-11-30,Affiliate,550.42
2024-11-30,Display,449.78
2024-12-01,Paid Search,794.88
2024-12-01,Social,861.6
2024-12-01,Email,162.68
2024-12-01,Affiliate,612.6
2024-12-01,Display,469.72
2024-12-02,Paid Search,1447.03
2024-12-02,Social,988.29
2024-12-02,Email,220.99
2024-12-02,Affiliate,498.41
2024-12-02,Display,447.89
2024-12-03,Paid Search,1478.94
2024-12-03,Social,995.16
2024-12-03,Email,172.5
2024-12-03,Affiliate,491.24
2024-12-03,Display,363.62
2024-12-04,Paid Search,1562.15
2024-12-04,Social,963.67
2024-12-04,Email,221.79
2024-12-04,Affiliate,497.47
2024-12-04,Display,347.19
2024-12-05,Paid Search,1462.78
2024-12-05,Social,948.69
2024-12-05,Email,227.97
2024-12-05,Affiliate,314.89
2024-12-05,Display,497.37
2024-12-06,Paid Search,1684.28
2024-12-06,Social,997.82
2024-12-06,Email,148.04
2024-12-06,Affiliate,516.11
2024-12-06,Display,488.65
2024-12-07,Paid Search,1225.49
2024-12-07,Social,749.14
2024-12-07,Email,237.94
2024-12-07,Affiliate,393.88
2024-12-07,Display,462.65
2024-12-08,Paid Search,1577.34
2024-12-08,Social,891.01
2024-12-08,Email,226.4
2024-12-08,Affiliate,554.69
2024-12-08,Display,449.44
2024-12-09,Paid Search,1264.89
2024-12-09,Social,917.95
2024-12-09,Email,227.84
2024-12-09,Affiliate,597.58
2024-12-09,Display,506.82
2024-12-10,Paid Search,1568.26
2024-12-10,Social,1059.55
2024-12-10,Email,218.65
2024-12-10,Affiliate,492.39
2024-12-10,Display,508.22
2024-12-11,Paid Search,1094.42
2024-12-11,Social,799.12
2024-12-11,Email,155.98
2024-12-11,Affiliate,507.85
2024-12-11,Display,461.38
2024-12-12,Paid Search,1397.58
2024-12-12,Social,779.38
2024-12-12,Email,195.13
2024-12-12,Affiliate,538.72
2024-12-12,Display,544.11
2024-12-13,Paid Search,1205.23
2024-12-13,Social,828.57
2024-12-13,Email,261.3
2024-12-13,Affiliate,561.57
2024-12-13,Display,437.86
2024-12-14,Paid Search,1689.49
2024-12-14,Social,944.94
2024-12-14,Email,204.54
2024-12-14,Affiliate,688.36
2024-12-14,Display,508.89
2024-12-15,Paid Search,1333.25
2024-12-15,Social,928.56
2024-12-15,Email,248.5
2024-12-15,Affiliate,527.11
2024-12-15,Display,330.58
2024-12-16,Paid Search,1540.72
2024-12-16,Social,1103.01
2024-12-16,Email,222.68
2024-12-16,Affiliate,573.46
2024-12-16,Display,415.15
2024-12-17,Paid Search,1477.06
2024-12-17,Social,690.31
2024-12-17,Email,252.9
2024-12-17,Affiliate,560.89
2024-12-17,Display,405.03
2024-12-18,Paid Search,1455.84
2024-12-18,Social,951.73
2024-12-18,Email,230.15
2024-12-18,Affiliate,559.96
2024-12-18,Display,551.91
2024-12-19,Paid Search,1785.75
2024-12-19,Social,1139.12
2024-12-19,Email,235.51
2024-12-19,Affiliate,430.73
2024-12-19,Display,445.96
2024-12-20,Paid Search,1438.57
2024-12-20,Social,927.84
2024-12-20,Email,185.08
2024-12-20,Affiliate,417.71
2024-12-20,Display,446.19
2024-12-21,Paid Search,1537.96
2024-12-21,Social,901.82
2024-12-21,Email,224.81
2024-12-21,Affiliate,605.78
2024-12-21,Display,541.9
2024-12-22,Paid Search,1510.18
2024-12-22,Social,905.73
2024-12-22,Email,229.63
2024-12-22,Affiliate,497.56
2024-12-22,Display,422.77
2024-12-23,Paid Search,1724.36
2024-12-23,Social,905.82
2024-12-23,Email,207.26
2024-12-23,Affiliate,578.25
2024-12-23,Display,444.08
2024-12-24,Paid Search,1389.14
2024-12-24,Social,851.5
2024-12-24,Email,181.17
2024-12-24,Affiliate,456.23
2024-12-24,Display,494.17
2024-12-25,Paid Search,1540.3
2024-12-25,Social,1053.93
2024-12-25,Email,180.36
2024-12-25,Affiliate,561.16
2024-12-25,Display,479.78
2024-12-26,Paid Search,1396.04
2024-12-26,Social,589.2
2024-12-26,Email,234.85
2024-12-26,Affiliate,525.98
2024-12-26,Display,423.86
2024-12-27,Paid Search,1236.41
2024-12-27,Social,962.59
2024-12-27,Email,203.69
2024-12-27,Affiliate,727.23
2024-12-27,Display,439.69
2024-12-28,Paid Search,1637.31
2024-12-28,Social,916.28
2024-12-28,Email,193.32
2024-12-28,Affiliate,597.89
2024-12-28,Display,373.0
2024-12-29,Paid Search,1276.05
2024-12-29,Social,873.2
2024-12-29,Email,226.46
2024-12-29,Affiliate,424.46
2024-12-29,Display,467.1
2024-12-30,Paid Search,1329.76
2024-12-30,Social,911.61
2024-12-30,Email,224.77
2024-12-30,Affiliate,486.55
2024-12-30,Display,427.8
2024-12-31,Paid Search,1251.09
2024-12-31,Social,1002.67
2024-12-31,Email,205.72
2024-12-31,Affiliate,554.41
2024-12-31,Display,298.87
